#{"t_start": 1685717185.387958, "env_id": null}
r,l,t
-33.2,4635,21.944263
-35.6,4078,32.130903
-34.7,3570,40.867437
-30.2,4220,78.659769
-35.7,4630,89.942814
-34.3,3099,97.770586
-33.8,4118,135.452464
-28.0,5763,150.348845
-36.2,3957,160.923827
-25.3,4224,203.169305
-33.1,4102,215.727802
-30.7,4674,228.138221
-34.6,4319,271.554748
-34.1,3425,281.367588
-33.3,4185,292.650499
-33.3,4245,304.451107
-32.4,4013,346.174582
-35.1,4138,357.283423
-31.4,4399,368.457369
-29.7,3833,407.047729
-30.8,4784,419.385551
-32.2,3905,436.026261
-29.6,4490,493.139316
-31.4,4242,505.234979
-28.0,3702,525.666677
-30.2,3740,540.965099
-28.9,4021,585.797171
-30.1,4317,602.666659
-30.6,3952,620.079154
-31.3,3954,659.924856
-37.0,4829,672.5219
-28.5,3815,683.557753
-29.4,3450,720.915743
-30.8,3690,730.32767
-32.8,3444,738.817137
-32.2,3059,746.565801
-28.2,4891,788.723472
-30.1,3588,800.06645
-30.3,5751,815.677321
-26.6,4043,855.761115
-30.7,3990,866.271287
-31.3,4448,877.821941
-31.0,4663,919.897703
-30.7,3672,929.875028
-30.3,4443,941.579471
-30.3,4088,952.19583
-36.2,4425,992.89153
-31.8,5233,1006.51368
-27.7,4621,1019.49918
-32.2,4750,1062.502089
-31.9,4935,1075.41008
-31.8,4015,1115.459421
-30.3,3949,1125.425759
-30.3,3667,1134.472751
-31.7,4177,1145.436822
-30.3,4012,1186.382354
-31.0,4629,1200.018033
-29.8,3694,1210.875642
-30.8,4497,1254.999005
-27.2,3770,1267.150778
-31.3,4722,1281.85154
-29.8,4683,1325.596314
-30.8,4127,1338.741745
-29.3,4127,1352.757285
-29.6,3967,1367.93697
-30.0,3772,1412.720573
-32.3,3441,1423.12113
-32.3,5082,1439.334036
-31.6,4773,1484.842097
-27.1,4122,1498.770485
-31.7,4805,1512.844276
-31.7,4463,1557.89515
-29.2,3437,1567.185472
-31.8,4383,1578.430255
-31.7,3751,1615.546028
-23.8,2958,1623.654825
-29.4,3833,1634.129892
-13.7,3316,1642.854295
-23.1,3526,1680.902845
-31.2,4514,1692.174875
-27.2,3945,1702.32758
-30.7,4061,1721.927758
-31.8,4058,1777.181961
-31.9,4815,1802.11487
-31.8,4067,1815.98754
-29.8,3400,1863.645663
-29.3,4198,1874.792252
-28.5,4958,1887.947664
-29.3,3785,1931.431092
-30.8,4403,1945.740191
-21.7,3743,1955.576288
-31.4,4061,1966.326876
-31.8,4349,2007.674112
-33.3,4174,2020.495074
-30.3,3952,2032.815622
-27.4,3699,2076.906156
-29.6,3821,2089.48209
-25.9,4652,2104.158387
-27.7,4628,2148.158505
-27.2,3770,2158.532494
-33.3,4094,2170.688543
-29.4,3682,2181.125367
-31.9,4123,2222.328368
-33.8,3946,2233.869831
-23.4,4316,2249.360412
-31.9,4001,2294.245148
-31.9,4590,2308.993201
-31.8,3963,2321.74327
-20.5,4579,2369.211123
-32.3,4282,2384.445241
-29.8,3648,2397.3361
-28.4,3728,2408.500302
-30.3,3496,2445.639223
-29.6,4021,2456.383233
-12.1,4218,2467.417574
-31.3,4521,2509.578801
-28.8,3687,2518.955819
-31.3,4760,2530.969094
-28.8,3876,2569.558934
-27.5,3895,2579.458927
-30.2,3474,2588.820358
-28.9,3379,2600.156317
-31.8,3643,2649.301668
-32.7,3922,2666.268527
-20.4,3086,2675.899959
-29.3,3359,2687.01885
-29.4,3990,2738.002094
-29.4,3688,2753.660727
-26.5,4269,2770.426708
-26.7,3599,2817.466763
-30.8,4077,2833.805975
-19.8,3380,2843.880779
-31.7,4016,2856.932307
-28.4,3862,2899.932798
-28.2,3374,2912.566396
-24.7,3263,2923.955385
-22.9,3952,2939.310414
-31.7,4098,2982.051865
-27.4,3847,3002.541402
-31.4,3927,3016.834785
-29.4,3389,3059.134061
-25.1,4117,3072.225961
-31.7,4724,3086.774211
-27.7,3595,3097.817939
-27.7,4152,3141.000876
-25.7,3499,3149.720878
-29.8,3756,3160.068889
-29.2,4184,3199.660386
-30.9,4024,3210.057133
-30.0,3858,3220.072512
-22.6,3906,3230.53696
-23.4,5442,3277.21161
-30.4,3159,3285.753865
-30.6,4532,3298.355626
-26.7,3631,3343.963984
-20.0,3934,3356.581564
-27.9,3517,3366.147238
-28.0,3792,3408.142609
-29.8,3118,3416.901387
-32.4,4674,3430.977477
-29.7,3871,3442.462321
-30.3,4445,3486.057789
-21.3,5246,3501.44413
-30.9,4633,3515.686444
-26.4,4215,3560.572005
-22.1,5080,3576.18914
-30.4,4742,3589.194241
-24.1,4107,3629.397078
-21.4,4760,3642.525582
-31.3,4243,3655.183708
-28.3,4440,3694.950438
-26.3,2929,3702.679589
-26.2,4438,3716.501306
-31.3,4938,3758.30277
-21.8,4493,3770.306434
-27.7,3386,3779.108526
-22.7,3321,3788.697586
-22.7,5558,3833.411472
-22.9,3833,3845.594468
-29.8,3409,3856.331131
-30.3,5985,3901.183213
-26.4,3254,3909.402807
-26.3,3538,3919.876002
-28.5,3977,3958.439888
-26.6,3186,3966.931819
-28.8,3770,3977.745188
-29.3,3692,3991.877919
-24.0,5904,4035.233766
-24.9,6558,4052.329995
-23.9,3183,4089.721149
-22.7,3851,4099.794294
-29.7,3435,4108.71438
-28.5,4055,4119.420889
-20.8,5761,4164.931319
-24.9,4010,4175.025441
-27.4,4126,4185.817329
-29.0,3470,4225.034977
-28.5,3981,4234.983588
-28.9,3913,4244.809486
-22.9,3595,4253.802746
-24.8,3367,4293.063355
-23.8,3213,4301.154258
-23.3,4974,4313.527523
-21.1,5251,4358.030462
-23.9,3894,4368.013792
-21.0,3991,4379.247827
-24.2,5233,4426.716378
-23.1,4677,4441.35893
-28.8,3605,4452.40622
-25.2,3702,4494.764645
-20.9,4753,4507.898808
-26.6,3900,4518.670302
-30.2,4157,4530.237325
-28.6,3317,4565.954406
-20.1,3214,4574.277984
-24.7,3549,4583.434101
-30.7,4014,4622.010544
-25.9,3339,4630.539108
-24.5,3862,4640.344109
-26.3,3521,4648.901706
-24.1,4845,4689.676274
-21.9,3758,4698.989229
-26.4,3278,4707.091033
-25.6,3860,4716.980594
-30.4,3573,4756.574343
-26.1,3762,4766.123113
-21.3,4301,4776.724835
-19.5,2841,4814.99997
-26.8,3385,4823.97634
-19.9,5470,4839.003096
-27.6,3626,4848.402577
-25.0,3920,4890.610121
-27.7,3214,4899.081043
-28.1,3656,4908.792105
-20.2,2979,4916.434197
-29.8,3134,4957.405764
-21.3,5290,4974.347686
-25.2,3859,4984.402931
-25.2,3837,5025.177898
-14.4,2760,5033.382484
-23.3,3558,5046.948669
-24.9,4138,5058.547081
-25.3,3842,5098.03621
-24.3,4683,5114.115996
-32.9,4240,5127.956907
-30.4,3804,5167.282715
-23.3,3182,5175.549925
-24.9,3079,5183.346941
-24.8,3123,5191.329102
-23.8,4100,5235.54056
-25.8,3114,5244.301282
-24.8,3606,5254.014836
-26.1,3214,5262.57113
-25.4,3413,5302.057736
-26.5,3193,5311.327437
-28.7,3361,5320.809789
-28.6,4197,5332.347054
-24.4,2920,5371.051521
-23.5,3468,5381.176692
-22.3,3618,5390.825117
-29.8,3804,5400.976399
-24.5,4083,5439.938482
-26.8,4615,5451.766668
-30.8,3467,5461.298004
-27.8,3817,5503.128555
-27.8,3592,5512.444087
-28.5,2901,5520.268528
-20.0,3719,5529.957347
-23.3,3053,5569.546362
-27.8,4154,5581.008762
-31.2,4532,5593.614351
-20.5,3635,5603.803893
-20.7,3099,5643.480878
-26.9,3060,5651.532698
-21.7,3086,5659.686543
-21.7,3186,5667.92801
-23.5,4488,5709.656889
-24.9,3605,5719.168307
-16.6,2951,5726.827449
-21.9,3624,5736.728176
-27.6,4244,5779.659426
-13.8,3050,5787.808907
-21.9,3706,5798.305852
-21.7,2871,5805.678514
-24.8,3404,5846.745956
-25.6,3991,5859.245629
-24.3,3332,5869.757675
-29.4,3684,5880.138657
-23.3,3434,5919.028606
-25.6,3100,5926.910788
-18.9,4133,5937.544118
-15.1,3410,5946.357866
-16.2,2835,5984.78072
-19.9,3402,5993.403569
-23.4,3034,6001.646491
-23.6,3633,6011.284493
-27.6,3537,6051.979821
-21.2,2871,6059.676344
-26.4,3326,6068.32158
-23.7,3224,6077.099373
-21.7,3801,6117.87816
-17.9,4116,6128.779905
-26.1,3511,6137.82638
-21.5,3189,6145.692666
-22.3,3613,6184.635155
-13.7,3074,6192.486572
-20.3,2506,6198.997926
-15.6,2820,6206.042941
-26.2,3634,6245.321446
-30.0,4125,6255.76553
-25.6,3837,6265.327367
-22.1,2968,6272.637105
-28.1,3839,6312.710739
-24.8,4231,6323.70049
-27.5,3928,6333.487084
-25.6,4231,6371.354631
-17.7,3528,6380.147609
-10.9,3611,6389.505316
-27.8,4388,6402.162594
-15.9,3364,6439.966461
-11.1,3593,6449.57307
-24.2,4491,6461.861744
-17.2,3428,6499.513361
-15.6,2924,6506.97871
-25.9,3906,6517.17237
-18.1,3205,6525.640962
-24.9,3291,6534.331759
-19.9,3166,6575.658409
-16.3,3633,6591.61379
-24.9,3663,6608.273553
-25.8,3302,6661.847539
-20.2,3423,6678.396699
-27.7,4587,6700.239522
-30.8,4460,6717.32603
-24.2,3802,6773.168704
-21.7,3353,6788.43206
-16.2,3197,6802.707865
-15.7,3487,6818.320348
-20.1,3871,6872.358125
-21.8,3686,6889.30098
-28.1,4030,6908.091235
-25.6,4304,6967.033616
-27.9,3964,6985.41762
-23.9,3688,7003.212567
-27.6,4585,7023.9554
-29.4,4233,7070.54743
-25.2,3836,7081.969501
-7.5,2852,7090.638852
-26.2,3863,7133.511813
-27.8,4134,7144.361043
-25.9,4393,7155.704164
-26.2,3899,7165.840196
-19.8,3461,7208.406684
-24.3,4219,7220.353062
-18.5,3411,7229.190479
-14.0,3391,7273.86818
-22.3,3495,7290.062901
-27.2,3982,7308.751939
-8.7,2838,7322.089945
-25.3,4349,7379.703657
-5.8,3576,7396.950115
-29.6,4055,7415.69487
-23.7,3727,7435.014466
-20.8,4365,7494.03433
-22.8,4749,7515.661195
-13.8,3831,7533.044769
-21.2,3408,7587.020447
-20.2,4133,7607.191917
-23.2,3169,7622.567868
-12.1,2304,7633.623447
-18.4,3217,7687.827658
-23.4,2951,7701.537126
-11.3,4550,7722.624534
-17.8,3267,7737.816844
-22.3,4048,7795.146372
-20.5,2862,7803.688764
-23.8,3609,7819.437514
-23.8,4712,7840.195742
-23.5,4342,7900.848124
-20.6,2870,7913.68915
-13.8,3858,7930.368535
-21.4,3614,7987.01597
-11.3,2970,8000.985825
-21.4,4045,8019.556354
-20.7,2870,8033.141784
-18.4,2909,8047.877121
-23.0,3964,8108.563024
-11.4,3026,8123.079603
-21.2,3121,8138.326889
-10.1,3318,8155.302064
-15.7,2975,8211.743299
-7.6,2939,8225.709871
-23.8,3505,8241.581162
-24.9,4143,8262.798906
-21.3,3915,8323.872621
-14.6,3659,8340.534414
-23.4,2957,8354.192593
-16.9,4038,8413.882428
-23.8,3687,8431.486749
-24.8,3856,8452.317157
-5.4,3785,8470.312375
-19.9,2980,8528.769608
-12.2,3972,8547.84594
-15.0,3911,8567.049462
-9.7,2961,8581.494116
-11.4,3292,8641.678288
-23.9,4247,8664.179381
-25.4,3567,8681.421234
-24.1,3920,8700.601982
-13.3,3226,8766.729419
-26.3,4215,8789.705274
-24.7,4694,8816.19955
-10.4,3097,8882.153154
-16.4,3997,8905.160429
-23.3,4307,8928.181915
-23.4,3251,8944.142968
-15.2,3092,9001.836944
-23.4,4872,9026.040551
-22.5,3857,9045.235319
-23.8,3756,9101.773537
-19.8,3855,9119.94438
-17.7,3560,9136.389024
-18.1,3524,9152.605595
-23.5,2897,9204.579265
-19.6,3053,9218.87386
-20.9,3926,9237.006547
-18.1,4000,9255.670821
-27.5,4199,9313.650008
-18.1,3081,9328.719918
-19.0,5113,9350.978256
-16.5,4012,9398.567912
-23.4,4364,9411.660719
-24.4,3407,9422.391701
-23.5,3919,9436.332333
-24.6,3391,9479.642612
-24.9,3594,9490.165031
-18.6,3758,9501.534239
-26.6,4012,9551.773303
-25.9,3558,9569.08224
-22.1,5468,9595.708282
-25.4,3649,9613.780379
-26.9,3490,9670.240737
-15.3,3395,9687.508872
-21.9,3135,9703.580567
-24.8,3343,9720.957225
-24.4,4479,9782.20925
-16.6,3109,9797.5741
-24.8,3321,9813.946816
-20.1,4216,9870.119896
-18.0,3677,9887.610543
-23.8,3164,9902.728262
-25.8,4227,9922.749463
-23.2,3708,9976.268984
-17.3,4227,9996.382801
-23.4,3330,10012.181341
-34.3,4561,10071.798245
-20.9,3299,10089.717713
-24.9,3314,10107.007659
-23.4,3119,10122.718785
-10.7,3167,10138.160809
-17.6,4539,10195.343814
-24.1,3485,10211.721573
-22.3,3988,10230.522826
-24.0,3494,10282.715013
-28.9,4033,10302.05135
-14.0,4176,10321.943441
-19.7,3703,10339.570713
-14.8,3657,10392.442696
-23.2,3694,10409.555474
-27.7,3836,10426.960756
-19.2,3865,10478.937295
-17.9,3476,10495.031217
-28.7,4177,10514.207359
-22.4,3043,10528.089626
-20.5,3767,10579.80386
-24.0,4717,10601.091435
-19.3,4143,10619.780205
-19.6,3252,10668.780486
-23.9,3474,10684.913844
-24.1,3639,10701.663981
-20.7,3325,10718.006697
-28.0,3996,10778.318268
-20.8,4270,10798.930533
-25.8,4161,10818.699566
-35.3,4936,10885.664246
-17.4,3804,10904.844411
-17.2,4469,10927.339838
-21.8,4725,10989.67877
-18.5,5051,11015.175838
-16.8,3295,11033.103412
-35.3,3943,11053.822492
-11.6,2893,11108.763271
-22.3,2908,11122.532736
-19.9,3969,11141.580631
-26.3,3956,11161.093699
-14.5,3212,11219.938709
-17.1,3268,11236.729532
-35.9,4465,11259.322064
-29.6,3728,11277.787965
-25.9,3187,11328.631277
-19.7,3347,11344.193707
-12.1,3320,11359.629696
-15.1,2805,11372.473081
-28.3,3299,11423.216844
-15.1,3945,11443.217089
-13.6,3783,11462.505958
-27.8,3410,11480.257283
-18.4,4106,11542.362535
-20.4,3560,11561.1447
-16.4,3000,11575.714928
-23.9,3673,11628.396475
-21.0,3749,11645.902185
-24.8,3249,11660.969341
-21.9,3172,11675.609632
-14.6,3923,11732.135326
-19.2,3934,11750.321369
-27.8,4184,11769.374615
-18.3,3731,11786.440496
-22.7,3727,11841.797819
-27.7,4051,11860.635747
-26.1,4193,11879.600274
-32.8,3863,11933.8214
-17.8,3390,11949.50253
-18.5,4408,11969.85017
-17.9,3527,11986.035527
-24.9,4304,12041.640543
-27.3,3991,12060.124967
-36.3,5136,12083.609977
-20.5,3898,12137.222049
-24.3,4293,12157.096374
-27.4,3787,12174.388008
-27.8,3932,12228.151159
-18.8,3355,12243.768965
-17.7,3558,12261.366024
-10.3,4175,12282.247933
-25.3,3875,12340.86852
-17.9,3543,12357.051362
-24.4,3893,12375.141885
-18.7,3566,12391.945122
-22.6,3697,12444.979461
-9.0,2948,12458.898942
-25.8,3590,12475.576537
-19.6,3555,12492.153165
-33.1,4488,12552.061007
-15.2,3906,12571.117753
-29.7,3949,12590.144464
-27.8,3840,12645.534639
-11.9,3040,12660.343783
-21.6,3105,12675.276599
-18.5,3225,12690.776387
-18.8,4240,12749.501769
-22.9,3855,12768.078194
-25.9,4393,12789.640575
-18.8,3926,12844.67393
-14.4,3318,12860.743758
-23.0,3902,12879.022267
-23.4,2931,12892.232347
-19.7,3241,12944.060627
-19.2,3427,12961.356324
-17.9,4036,12979.841807
-14.4,3343,12995.779691
-10.0,2866,13042.10431
-21.5,3697,13058.48256
-19.7,3468,13074.535604
-22.0,3715,13091.220358
-23.9,3650,13144.458917
-15.9,3673,13161.239974
-20.9,3581,13177.171734
-24.1,3927,13194.500517
-22.5,4145,13249.38275
-16.4,3358,13264.39341
-26.2,4370,13283.877665
-15.1,3865,13340.827991
-24.9,4634,13363.99001
-17.0,3554,13381.956587
-21.7,4015,13401.735259
-22.0,3249,13456.736512
-28.4,3523,13474.734988
-27.1,3831,13493.421215
-22.9,3291,13509.177791
-17.2,3422,13565.074124
-25.8,3520,13581.498018
-21.5,4244,13600.721697
-19.9,3376,13652.367425
-13.2,3672,13669.06789
-31.6,4383,13689.099998
-18.1,3380,13704.599149
-23.9,3045,13755.32489
-11.2,4371,13775.560449
-23.3,4407,13796.153533
-20.0,3541,13812.066425
-11.0,3779,13854.96487
-19.0,2549,13861.634525
-24.8,3688,13872.010948
-36.8,3951,13915.106784
-11.3,3198,13924.777204
-17.0,3942,13936.935707
-15.0,2955,13945.624156
-13.7,2865,13954.902324
-20.4,3220,13995.509779
-17.1,3942,14006.910502
-22.2,4265,14018.47565
-14.0,3217,14058.071788
-24.9,3480,14068.285552
-12.7,3052,14076.502878
-21.1,4020,14087.427254
-17.5,3940,14137.065929
-20.5,3049,14151.724362
-19.9,3450,14168.549515
-34.9,4553,14188.439821
-20.2,4234,14242.871306
-22.8,4108,14258.732775
-16.9,3957,14272.336469
-24.1,3216,14313.918826
-29.5,3738,14329.486093
-25.0,3536,14344.455211
-14.5,3692,14360.190876
-33.4,3188,14407.659388
-29.3,3159,14417.678906
-19.1,3578,14429.699857
-20.6,3914,14439.767804
-14.9,3226,14477.673355
-13.6,4105,14488.116037
-10.3,2950,14495.606618
-24.6,4145,14506.094013
-21.9,4193,14546.076396
-26.9,4260,14557.065084
-11.0,3344,14565.921203
-23.9,4339,14607.251382
-16.4,3480,14616.801939
-26.2,3890,14627.17623
-19.5,3934,14638.048347
-23.3,3551,14677.988936
-20.2,3457,14687.405071
-28.2,4389,14699.257807
-11.2,3558,14739.116637
-22.8,3172,14750.545725
-25.9,3428,14765.81194
-20.3,4317,14785.396228
-12.2,2944,14838.933677
-28.4,4367,14859.561391
-20.7,3327,14875.213251
-24.2,3970,14893.769417
-12.5,2621,14942.450786
-18.1,3567,14959.379247
-19.3,3490,14975.455823
-12.6,3642,14992.623366
-23.3,3363,15044.472327
-15.2,3485,15061.155914
-13.7,3682,15078.485372
-13.9,3839,15096.490997
-26.4,3856,15150.844834
-26.3,3407,15166.93881
-25.8,3198,15181.636642
-24.3,3833,15199.431104
-11.8,3391,15252.032492
-13.5,3052,15266.862712
-12.6,3669,15284.591059
-13.0,3361,15300.880032
-28.6,4585,15360.992158
-12.8,3791,15379.614176
-15.0,3590,15397.280293
-25.6,3773,15454.176738
-13.2,4981,15477.842734
-27.5,4739,15501.256765
-18.6,3874,15559.220047
-22.7,3816,15577.011148
-18.1,4307,15597.446603
-27.8,4552,15658.618325
-23.4,4015,15677.552516
-22.1,3648,15694.902261
-18.6,3350,15710.833972
-15.0,3020,15763.348675
-14.8,3999,15782.226414
-15.8,2779,15795.815457
-23.8,3081,15810.97738
-19.3,3042,15825.259818
-28.0,4259,15884.236359
-20.9,3527,15900.537203
-16.6,3531,15917.325105
-18.0,3494,15973.667549
-25.6,4220,15993.554502
-14.1,3148,16008.844909
-14.7,3525,16026.113105
-5.9,3150,16079.536545
-19.0,3164,16094.293761
-17.7,3515,16110.426875
-19.2,3267,16125.774822
-20.6,3615,16181.948618
-16.8,3766,16199.768994
-17.3,3748,16218.44231
-10.2,2990,16231.914868
-16.3,3828,16292.881581
-17.1,3464,16310.148636
-14.5,2622,16322.573359
-21.8,3012,16336.85142
-21.3,3422,16389.376394
-18.5,3394,16404.9015
-19.6,2893,16418.017941
-8.5,7131,16488.786684
-8.8,3166,16502.475548
-13.7,2838,16514.940492
-8.9,3576,16530.997234
-14.5,2810,16544.098655
-6.4,2893,16598.525479
-19.6,3580,16615.325733
-14.6,3345,16630.157958
-21.3,3748,16646.810678
-17.9,3502,16699.38862
-16.2,3017,16713.669156
-16.3,2672,16726.81401
-14.2,2936,16741.231925
-6.1,3365,16797.891157
-11.1,4873,16821.22752
-18.2,2860,16834.936191
-18.3,2876,16848.735021
-16.3,2624,16901.386029
-15.0,3897,16920.130979
-11.9,3092,16935.560371
-13.2,2975,16950.178194
-16.3,2981,16964.392199
-9.0,3440,17019.314319
-16.7,2929,17033.108679
-10.8,2885,17046.690106
-16.3,2869,17060.104103
-21.5,4200,17117.412591
-21.7,2853,17130.9648
-17.2,3262,17146.966944
-14.4,2705,17161.012037
-16.2,2832,17219.143949
-13.8,3966,17238.42959
-14.4,2639,17252.033218
-8.5,3115,17267.564103
-21.8,3161,17283.442468
-16.6,3628,17331.22858
-20.7,3219,17341.087115
-13.9,3683,17353.125251
-11.9,2599,17360.694564
-13.9,3216,17398.543075
-16.2,3405,17409.319282
-15.2,2669,17417.05962
-23.8,3161,17425.544062
-16.6,4162,17467.849327
-16.8,3249,17477.018139
-20.2,3453,17486.281415
-15.3,3492,17495.793729
-16.8,2887,17533.948496
-15.9,3374,17544.806427
-10.3,3185,17553.274951
-14.2,2825,17561.193047
-21.4,3433,17600.650713
-16.5,4069,17611.966699
-28.8,3526,17621.506636
-31.8,4574,17633.957596
-17.3,3970,17675.962026
-22.0,4652,17689.979349
-24.5,2953,17699.011675
-11.5,3687,17741.529869
-15.8,2505,17748.507245
-22.2,2979,17756.7814
-13.2,2856,17764.398751
-13.9,3001,17772.950827
-15.0,2577,17810.856881
-9.7,3059,17819.000127
-12.4,3665,17828.876445
-9.5,3187,17837.600772
-10.0,3592,17877.541685
-8.2,2819,17885.136851
-26.9,6361,17902.240614
-16.3,3007,17910.280407
-14.0,3469,17948.42495
-14.9,2783,17955.942149
-6.3,2839,17963.615034
-10.7,4214,17975.693417
-13.8,3609,18014.37965
-2.2,4063,18024.780986
-15.9,3435,18033.758333
-1.3,4121,18071.385634
-15.9,2883,18078.517057
-19.0,2841,18085.666456
-16.0,3583,18094.771565
-13.5,3294,18103.57514
-16.3,2865,18140.221515
-15.8,2652,18148.678402
-19.4,3325,18158.822911
-13.5,2830,18166.260528
-20.7,2985,18203.95283
-21.2,2839,18211.905953
-15.2,2857,18220.068122
-23.1,4307,18232.17369
-16.8,3345,18270.003875
-18.9,2965,18277.801145
-20.0,3334,18286.098019
-20.2,2757,18293.661313
-13.6,3586,18303.161712
-23.5,5108,18343.461752
-19.2,3178,18351.211751
-14.6,2906,18358.164876
-14.7,4009,18395.620949
-14.9,2943,18402.739571
-15.1,4014,18412.33332
-21.8,3439,18420.61457
-21.2,3178,18455.086882
-16.6,5354,18468.431028
-17.2,2873,18475.181031
-14.3,2785,18481.962278
-16.3,2865,18515.589459
-35.4,3964,18525.042583
-20.2,5275,18539.513301
-14.3,2870,18547.389484
-35.3,3526,18586.06968
-21.8,3198,18594.007179
-14.8,2781,18600.835305
-19.9,4146,18610.632179
-7.8,4343,18647.428416
-17.3,3010,18654.678416
-20.9,3256,18662.381541
-15.3,4216,18698.277337
-19.8,3781,18707.136711
-15.8,2840,18713.871086
-12.8,2839,18721.403121
-11.2,4566,18759.30135
-8.5,3474,18767.582599
-19.8,3722,18778.271285
-16.8,3462,18786.443161
-21.8,2870,18819.166926
-18.3,3154,18827.698573
-16.8,3065,18835.745843
-17.3,2772,18842.558344
-26.3,2868,18849.558343
-6.7,3509,18884.30836
-23.3,3289,18892.386484
-27.4,4658,18903.777109
-22.3,3683,18938.013065
-21.7,3236,18945.638065
-14.8,2978,18952.77869
-15.3,2896,18959.638065
-18.2,3054,18966.84119
-18.9,3119,18999.204973
-17.3,2861,19006.017473
-2.0,4637,19017.095601
-11.9,3810,19026.673726
-22.3,3335,19060.678083
-8.1,3494,19068.943709
-19.0,3213,19076.568708
-13.9,3810,19111.338873
-22.3,3058,19119.308018
-17.7,3539,19127.886145
-22.3,3724,19136.683018
-17.2,3119,19144.011142
-17.3,2867,19176.84798
-10.5,3636,19186.129622
-19.8,3570,19194.676497
-18.3,3149,19202.207747
-11.8,2983,19235.242433
-13.7,3023,19242.398683
-18.5,3722,19251.195558
-14.3,4058,19260.867434
-21.2,3961,19296.434732
-10.6,4127,19306.231606
-21.8,3618,19315.012858
-11.6,3805,19350.358594
-17.8,3332,19358.999611
-15.8,3343,19367.875397
-17.8,3845,19376.969147
-9.7,3423,19410.379742
-4.3,3004,19418.565445
-2.5,3653,19427.784586
-12.6,4064,19437.722087
-11.9,2874,19471.325598
-21.8,2867,19478.388491
-16.3,3089,19486.576784
-16.3,2874,19493.936943
-9.6,4645,19530.222618
-8.3,3699,19539.510322
-21.3,3754,19548.586066
-21.7,3961,19558.22669
-9.0,3586,19592.776647
-5.9,3423,19601.026646
-24.8,3927,19610.448521
-16.7,3273,19618.855167
-10.7,2994,19651.578663
-15.8,3352,19659.609913
-21.9,4178,19670.047413
-10.9,3003,19678.06343
-21.7,5383,19716.863664
-14.7,3629,19725.770033
-11.5,4423,19736.191908
-3.4,2821,19768.477584
-13.1,3752,19777.571334
-21.7,4682,19788.602585
-17.3,3319,19822.419538
-16.8,3075,19829.732036
-21.7,4011,19840.2167
-27.4,4567,19852.045218
-17.3,2991,19884.972271
-14.2,3705,19893.769153
-6.0,3390,19901.894148
-21.3,3108,19909.269148
-4.9,2980,19941.32201
-10.4,4408,19951.697011
-11.4,3670,19960.35326
-20.5,3754,19969.197009
-16.7,3750,20003.748227
-12.5,4987,20015.826351
-28.9,4565,20026.654476
-28.8,3740,20061.814017
-20.9,4744,20073.376517
-18.7,4802,20085.345661
4.3,5631,20124.114442
-17.2,3224,20131.911712
-4.1,3273,20139.599212
-4.8,6305,20181.324373
-15.6,6309,20197.450559
-17.8,3440,20205.904089
-20.2,3659,20240.939666
-18.4,3963,20250.205292
-22.3,2872,20257.98695
-17.6,5749,20297.351497
-19.1,6291,20312.538997
-22.4,6594,20353.79197
-9.6,3692,20362.51072
-14.4,4189,20373.182992
-1.0,9278,20427.287014
-30.8,5010,20440.319054
-18.5,3432,20448.819053
-6.3,6453,20490.919428
-15.8,2803,20499.374145
-28.9,4848,20511.406177
-7.1,5914,20551.239436
-12.1,3462,20559.520686
-14.7,4167,20570.193344
-11.2,3181,20603.103567
-10.0,3663,20611.947316
-20.5,4040,20621.634816
-15.0,3073,20628.994194
-13.4,3519,20663.7945
-3.0,3138,20671.185125
-12.7,3658,20681.326999
-14.5,4969,20719.710147
-6.9,3141,20727.382021
-27.4,5573,20742.96094
-1.3,2669,20749.55469
-13.1,3805,20785.545826
-22.2,3263,20793.498951
-16.3,3459,20804.76497
-4.6,6617,20847.334605
3.4,3099,20854.850231
-17.7,4208,20865.147503
-8.4,2823,20872.210321
-25.8,3440,20907.812916
-15.2,6364,20923.548481
-16.8,3058,20930.767231
-34.9,4174,20967.494113
-2.1,5028,20982.214369
-18.2,3631,20991.026868
-18.3,4639,21027.987191
-16.8,4380,21039.643836
-21.9,3427,21047.956734
-14.2,2979,21055.269233
-2.6,3152,21092.942623
-16.6,3543,21101.958646
-16.8,3067,21109.56802
-6.1,6301,21152.641648
-16.8,3194,21163.70494
-12.5,5005,21176.486191
-22.9,6268,21218.266941
-21.7,2858,21225.204863
-5.7,2867,21233.83066
-14.3,4480,21247.67441
-35.4,3869,21283.417952
-33.9,5176,21297.451726
-21.7,3372,21306.63961
-25.8,3634,21342.429854
-18.3,3352,21350.662376
-8.1,3970,21360.349875
-35.4,3817,21369.460399
-18.2,3552,21404.64305
-15.3,6840,21421.955541
-32.4,6234,21463.683375
-13.1,3231,21471.371672
-0.9,3830,21480.418546
-22.6,3822,21489.700195
-36.4,4877,21528.897455
-2.9,2686,21535.256831
-22.2,2952,21542.257629
-4.8,8720,21589.42141
-9.4,3178,21597.485118
-26.7,4042,21608.001536
-8.1,3386,21642.306744
-22.5,3224,21650.119243
-9.8,3601,21658.947368
-21.8,3262,21667.432149
-26.6,4080,21703.767528
-11.1,2983,21711.017525
-18.5,3864,21720.642525
-27.9,7145,21763.323568
-28.9,3441,21771.761072
-24.5,4267,21782.151693
-14.7,3784,21816.657758
-13.9,3247,21824.501506
-29.9,5655,21837.626507
-4.2,4060,21847.345656
-19.7,3404,21883.08888
-18.6,3655,21892.073242
-29.4,6973,21909.199048
-29.9,5884,21951.348179
-28.4,5466,21964.738804
-17.1,3241,21998.807723
-33.9,4561,22009.307722
-3.6,9922,22062.284391
-23.6,4210,22073.066437
-30.9,5387,22086.39496
-22.6,3598,22122.170585
-14.1,7168,22139.436975
-25.4,6858,22183.602119
-15.1,3613,22192.367743
-17.1,3510,22200.915015
-11.4,3265,22208.77439
-17.7,3832,22244.438595
-20.9,6362,22260.361359
-22.5,3492,22268.736358
-21.7,2826,22302.648555
-34.4,3917,22313.211464
-33.9,5059,22326.134924
-30.9,4931,22364.676191
-8.9,3469,22373.114088
-25.6,3636,22382.849652
-7.9,6861,22425.341379
-18.6,3725,22435.716775
-21.6,3860,22445.123026
-11.6,3223,22453.07615
-29.9,5499,22492.865512
-19.2,3450,22500.928014
-34.4,4590,22512.507328
-35.9,4902,22551.282889
-14.3,3150,22558.923515
-28.0,3179,22566.704764
-35.4,4390,22603.183473
-13.1,3053,22610.840122
-29.9,4988,22623.043247
-28.8,5901,22663.209149
-25.4,6703,22679.209548
-1.5,6996,22722.420218
-11.6,3123,22729.795629
-27.4,6286,22745.796027
-20.8,3539,22780.569786
-29.9,4543,22791.538933
-18.6,3231,22799.413931
-29.1,5255,22812.273705
-16.1,3050,22845.937315
6.5,10723,22872.656629
-30.9,4955,22913.258838
-26.4,5263,22926.227589
-27.9,5242,22965.189058
-36.4,5188,22977.486729
-35.4,4738,22988.971897
-18.3,3665,23024.510034
-21.0,2445,23030.416283
-33.9,4191,23040.635837
-22.4,4135,23050.542088
-12.3,3952,23086.752867
-17.1,2982,23094.893902
-12.9,4788,23106.550549
-16.7,3297,23141.379054
-35.4,4556,23152.529704
-14.0,3885,23162.935946
-9.2,3392,23171.139072
-18.0,2942,23204.959599
-29.4,5617,23218.397495
-35.4,5028,23230.63187
-34.9,4581,23268.107174
-37.4,4029,23278.185293
-12.1,3816,23287.232628
-17.7,3908,23322.710085
-22.1,3649,23331.58548
-18.2,3538,23340.272979
-6.7,3851,23351.351093
-18.5,3507,23386.642919
-27.3,5248,23399.783544
-14.8,3566,23408.564794
-7.3,3102,23416.033543
-29.4,4550,23452.620497
-12.7,4134,23462.542372
-29.9,5281,23502.269967
-33.4,4905,23513.879739
-21.9,3910,23524.535989
-11.2,3282,23532.521553
-13.4,3316,23566.624418
-29.9,5459,23580.108793
-28.9,5681,23593.734263
-28.4,4956,23631.540437
-12.0,3919,23640.962312
-25.6,3954,23650.353731
-29.9,5335,23690.438595
-6.5,3410,23699.157345
-27.9,5265,23711.719845
-20.0,4432,23749.616819
-22.6,4196,23759.851197
-36.4,4053,23769.429318
-20.3,4218,23806.139435
-26.9,4856,23818.045686
-15.5,2570,23824.369274
-18.1,3597,23833.933691
-26.4,5457,23876.52011
-17.5,3334,23884.598236
-14.5,3438,23892.926361
-27.9,6788,23936.198882
-22.5,3497,23944.745744
-17.5,4811,23956.841101
-10.6,3942,23991.61473
-20.5,3637,24000.317856
-10.5,3202,24010.349106
-19.1,4650,24047.498509
-13.2,3184,24055.529758
-28.3,6161,24072.390384
-31.4,4841,24110.290593
-18.6,3670,24119.118732
-7.1,3085,24126.556232
-24.7,3648,24136.04108
4.4,7308,24182.238074
-27.4,4646,24193.347448
-12.2,3210,24228.168911
-33.9,5370,24242.278705
-27.2,3847,24251.622455
-14.0,3152,24259.138079
-16.1,3920,24295.115553
-26.4,6265,24312.209306
-12.9,4046,24321.944075
-16.1,3845,24357.344873
-4.9,4146,24368.376524
-17.6,3325,24376.798796
-15.8,5151,24416.166271
-17.4,3959,24425.948315
-12.3,3343,24434.042066
-15.8,3073,24441.526441
-27.9,5878,24481.075794
-20.2,3768,24490.232045
-18.2,3753,24499.591419
-30.9,5294,24538.190766
-15.9,4244,24548.300141
-18.5,4578,24559.659515
-29.9,5221,24598.417279
-12.2,3942,24609.573529
-17.6,3752,24618.589153
-13.9,3519,24653.374891
-27.4,5511,24667.187392
-26.9,5468,24680.319391
-23.7,4594,24717.638386
-12.5,3940,24727.138385
-16.8,4341,24737.511099
-19.9,4066,24773.125803
-12.1,3510,24782.735165
-13.9,3970,24792.203933
-27.8,4491,24828.789291
-17.4,3778,24837.886394
-16.8,3012,24844.99577
-13.1,4377,24855.339521
-14.5,3907,24890.3886
-17.3,3706,24899.247966
-15.1,3360,24908.107349
-18.6,3440,24916.372975
-13.2,3746,24951.206246
-7.0,2850,24960.598279
-5.2,3515,24969.004526
-21.7,3765,24978.285777
-15.7,4422,25015.322679
-10.7,3882,25025.900805
-8.7,3512,25034.166428
-14.6,3558,25068.249974
-26.4,5460,25081.140597
-15.9,4192,25092.249979
-6.5,3535,25126.754352
-17.4,3617,25136.019976
-13.4,3208,25143.707476
-11.3,3550,25152.254351
-26.9,4680,25190.00788
-12.5,3982,25199.773506
-27.8,5119,25211.836004
-20.1,4314,25247.870812
-18.9,3878,25257.03023
-14.8,3467,25265.46773
-21.5,5406,25305.380314
-20.2,4380,25315.942814
-22.0,4469,25326.864689
-13.5,3863,25336.052189
-30.4,5505,25377.090784
-4.2,3490,25385.731408
-24.8,3276,25393.465782
-33.5,4148,25429.70296
-13.8,3544,25438.281085
-6.2,3248,25446.079141
-16.0,3427,25454.19012
-14.6,3602,25489.353072
-15.7,4600,25500.571821
-3.9,2986,25509.087446
-14.9,3085,25516.696821
-11.8,3310,25553.064514
-19.7,5070,25565.017639
-5.1,3889,25577.39383
-4.1,3882,25615.836878
-6.4,3345,25623.946254
-13.2,3107,25631.477503
-16.9,4409,25641.930627
-8.7,3484,25680.34511
-27.6,4658,25691.501085
-7.3,3745,25700.767482
-8.9,3568,25738.118618
-8.7,4068,25747.884242
-21.4,3376,25755.821742
-4.6,3214,25764.790493
-5.4,3730,25802.437432
-7.0,7080,25819.531182
-12.1,3973,25828.843682
-18.6,4032,25866.962651
-6.7,4002,25876.431401
-14.6,3525,25884.980661
-1.3,4913,25925.177049
-28.9,4541,25936.005175
-11.2,3400,25944.270799
-31.9,5224,25984.759431
-6.6,3619,25994.105553
-4.9,3183,26002.559733
-12.0,4085,26012.215988
-21.3,4446,26052.033024
-11.9,3974,26061.626773
-29.8,6092,26076.579899
-8.3,3703,26114.830244
-8.5,3871,26124.127119
-4.1,3143,26131.658369
-13.0,4508,26171.118485
-4.3,3248,26178.805986
-4.7,2879,26186.040361
-28.4,5415,26198.868488
-16.4,3104,26234.703691
-12.6,3435,26243.234942
-6.5,3755,26253.391191
-12.4,3803,26262.39119
-1.7,6152,26307.305631
-17.1,3578,26315.993132
-1.0,3549,26324.306037
-6.7,3432,26361.247101
-29.6,4227,26371.778361
-2.1,3279,26379.559609
0.8,3090,26386.872108
-14.0,3965,26424.706987
-3.5,3911,26434.066362
-8.3,3643,26442.691363
-8.6,3972,26481.77293
0.2,3012,26489.194803
-7.1,3421,26497.413552
-14.5,3437,26505.491678
-6.4,3943,26543.168099
-1.3,3199,26551.011849
-7.2,3877,26560.4806
2.2,3108,26567.933725
-14.4,3547,26604.315855
-5.5,3718,26613.440856
-13.1,3398,26621.42523
-3.7,3111,26628.753356
-11.4,3752,26665.249533
-7.9,3076,26673.687032
-4.3,2938,26680.937033
-8.9,3959,26690.655782
-8.2,4973,26727.67457
-11.1,3785,26736.674559
-5.8,3574,26746.100375
-11.3,3764,26783.866457
-12.8,3394,26792.710613
-4.9,3094,26800.085613
-4.8,3013,26807.335616
-16.1,3927,26843.2146
-13.9,3442,26851.433342
-15.1,3785,26860.356027
-5.3,3485,26868.559152
-19.6,3725,26903.829094
-3.5,3720,26912.700085
-3.4,3653,26921.418835
-30.9,4027,26931.121959
-11.8,3087,26964.287389
-14.5,3658,26972.896763
-13.5,3581,26982.724888
-28.9,5741,27022.32379
-4.4,4422,27033.620671
-15.1,3958,27043.230046
-16.8,3014,27050.323797
-3.3,3031,27082.769395
-6.8,3438,27091.035019
-6.6,3933,27100.37877
-29.4,5263,27142.776242
-1.1,7317,27160.901241
-1.0,3210,27168.636013
-7.6,3616,27207.970158
-29.9,5657,27222.595568
-29.9,5486,27235.908073
-7.3,4065,27274.224121
4.7,4300,27284.583495
-29.9,5005,27296.724119
-7.9,3741,27333.383937
-13.3,2981,27340.587062
-9.7,3453,27349.446437
-5.3,2878,27356.196436
-6.8,3481,27393.468631
-6.9,7025,27411.624881
-5.3,3618,27420.296756
-27.9,5275,27461.084381
-13.6,4802,27472.662507
-4.3,3395,27480.787506
-3.3,3400,27519.200345
-29.9,6311,27535.825344
-12.3,3938,27545.184719
-1.3,3223,27583.894816
-5.5,3563,27592.551066
-5.3,3046,27599.957316
-14.3,4442,27610.738566
-4.6,4354,27652.043293
-6.7,3945,27662.04371
-5.3,3203,27670.27809
-5.2,3676,27710.705987
-6.6,3438,27719.112239
-6.6,3441,27728.64347
-3.0,3880,27738.143484
-6.8,3659,27775.52282
-11.3,3405,27783.71032
-6.8,3570,27792.866571
-6.8,3433,27801.132195
-6.8,3417,27838.168624
-13.4,2878,27845.309248
-5.3,3917,27855.309247
-9.5,3579,27864.043623
-6.8,3444,27900.891824
-6.2,3321,27908.86083
-5.6,3744,27917.860831
-11.0,3447,27926.251455
-6.8,3439,27963.913638
-4.7,3950,27974.007779
-10.9,3429,27982.148405
-3.5,3658,27990.804654
-6.2,3323,28026.825596
-28.8,5902,28041.545134
-13.9,2822,28048.357634
-20.8,3174,28084.504588
6.4,8955,28105.645213
-4.6,3443,28113.863964
-30.0,4976,28153.962317
-14.7,3459,28162.212317
-6.8,3439,28170.384192
-4.8,3114,28206.859677
-14.7,3555,28215.281552
-28.9,5121,28228.016322
-6.8,3445,28236.407337
-8.6,2907,28272.045076
-4.0,3377,28281.655629
-1.2,3438,28289.754389
-14.3,4786,28329.087636
-15.0,3439,28338.172895
-9.8,2628,28344.454144
-0.2,2948,28351.454147
-7.3,3685,28360.110396
-6.8,3424,28397.221306
-5.2,3223,28405.37835
-15.1,4395,28416.42522
-6.7,3470,28453.44542
-15.3,2568,28459.851764
-9.3,3443,28468.242389
1.2,3130,28475.836139
-10.3,2691,28482.179889
-32.9,4247,28520.557217
-5.4,3355,28528.447842
-10.1,3097,28536.276751
-9.1,2691,28543.355661
-6.3,3432,28580.187522
-7.4,2695,28587.250412
-6.5,3807,28597.830512
-15.0,3437,28606.049263
-13.4,2920,28638.975013
-16.8,2881,28645.584388
-11.0,3807,28654.396887
-5.2,3183,28661.803138
-5.4,2692,28668.100013
0.6,3421,28703.811104
-12.8,2692,28712.078316
-27.9,5921,28726.594336
-14.6,3330,28760.426796
-23.9,3949,28769.676796
-7.0,3421,28778.114296
-6.7,3536,28786.520546
-9.3,2667,28819.24378
-4.9,3437,28827.337531
-5.5,2689,28834.212531
-13.6,4332,28845.025826
-4.8,3068,28883.7527
13.6,9689,28906.940197
-3.0,3438,28943.979037
-2.9,3461,28952.432162
-27.9,4199,28962.291537
3.8,3172,28970.041931
-6.8,3483,29006.234952
-2.5,3498,29014.469327
-9.0,3091,29021.844327
-10.9,3181,29029.782617
-15.4,3257,29065.554307
-8.1,4095,29075.194932
-6.8,3611,29083.726182
-6.8,3445,29092.085557
-31.9,4447,29131.01226
-3.0,3533,29139.825166
-5.8,3444,29147.918916
-0.2,3229,29156.419705
-6.8,3448,29192.721308
-0.5,2846,29199.408808
-6.8,3878,29208.611933
-2.5,3436,29216.721307
-30.4,5252,29258.335286
-11.5,3739,29267.27279
-1.4,3439,29275.350911
-11.2,2337,29309.872066
-7.9,3443,29318.794346
0.6,2973,29325.950597
-16.9,3751,29335.075597
2.1,3716,29372.549183
-9.0,3011,29380.862863
-9.5,2879,29387.769113
-7.0,3483,29396.300754
-5.6,3891,29437.404628
-15.0,3823,29446.295253
-11.0,2925,29453.139003
-3.0,3423,29461.310878
-28.4,4327,29499.18866
-12.9,3276,29507.329284
-8.5,3957,29516.923034
-15.0,3646,29525.626159
-11.5,3959,29560.926622
-9.9,3088,29569.553213
-6.1,2882,29576.412589
-6.3,4194,29586.772357
-5.5,2691,29621.777108
-5.5,3445,29629.902108
-3.4,3225,29637.480233
-7.0,3442,29646.261876
-4.9,3440,29682.985872
-4.7,3645,29691.501496
-6.0,4183,29701.626496
-2.8,3486,29710.267514
-28.9,5461,29751.788211
-17.2,4668,29763.883154
-15.8,3957,29773.164404
-30.9,4563,29812.359638
-9.1,3015,29819.562763
-8.8,3712,29828.344015
-30.9,5043,29869.224056
-15.7,3626,29878.005307
-6.8,3565,29886.536556
-10.5,3916,29895.755308
-9.5,2880,29931.23026
-3.0,3923,29942.763088
2.1,3281,29953.985381
-5.5,2691,29960.282255
-6.8,3445,29996.9142
-4.5,2586,30003.148577
-4.6,2653,30011.071634
-18.7,3446,30019.196635
-23.8,3958,30058.672103
-4.9,3484,30067.422886
-9.9,3455,30075.608389
-12.7,2964,30082.795885
-17.7,3124,30119.114711
-4.6,2441,30124.833459
-8.5,2943,30131.708459
-4.8,3776,30140.918463
-30.4,5319,30182.832952
-4.5,3697,30191.457954
-10.4,3755,30203.069692
-9.1,3443,30211.272817
-6.1,3095,30247.03166
-7.0,3439,30255.328535
-11.0,3431,30263.644957
-29.9,5415,30305.056738
-7.0,3645,30313.572363
-7.0,3485,30322.009863
-1.6,2716,30329.401273
-7.1,3442,30337.573148
-3.0,3439,30375.554787
-7.0,3438,30384.555181
-3.9,3261,30392.39893
-7.0,3441,30400.899322
1.8,3178,30433.402501
-31.9,4462,30444.543522
-7.6,3439,30453.43454
-7.0,3587,30487.562299
-9.3,3170,30495.015424
-11.5,3961,30504.671676
-6.1,2879,30511.546674
-6.1,3141,30546.240756
-7.6,3436,30554.147005
-11.6,3437,30562.41263
-11.0,3865,30571.50638
-7.0,3438,30605.215691
-7.0,3442,30613.621942
-4.0,2408,30619.262566
-20.1,3537,30627.559441
-7.0,3439,30635.668816
1.6,3192,30671.375187
-4.6,2437,30677.203312
-14.9,3689,30686.078313
-7.8,3777,30695.735359
-13.5,3202,30731.287003
-11.6,3439,30739.271379
-3.8,5266,30753.507726
-7.0,3448,30786.872335
-10.1,2283,30792.247335
-15.1,3690,30800.919211
-13.5,3433,30811.640611
-3.0,3776,30850.364513
-11.6,3694,30858.817637
-5.3,6986,30875.692637
-13.4,3522,30912.855204
-12.5,3735,30922.668098
1.6,2763,30929.199348
-15.0,3417,30937.199349
-5.3,4091,30974.923214
-16.8,4037,30984.76736
-11.1,2972,30992.064236
-29.9,4256,31002.189237
-15.0,3441,31038.773301
-25.4,6497,31054.288925
-7.0,3550,31062.601425
-30.9,5009,31102.620999
-24.1,3528,31110.949124
-9.5,3137,31118.511626
-5.5,3124,31125.933499
-15.0,3445,31163.437421
-1.4,3198,31171.046794
-23.4,2883,31177.703045
-5.5,3908,31187.15247
-0.3,6864,31232.535362
-11.6,3441,31240.754112
-7.3,5763,31283.469423
-13.0,2934,31290.422549
-5.9,3839,31299.688173
-8.0,2705,31306.125673
-35.4,4536,31342.753847
1.6,2870,31349.722597
-11.0,3439,31358.160096
-7.0,3763,31367.097597
-22.3,3874,31401.147765
-8.5,2936,31408.210265
-11.1,2718,31416.102854
-14.6,3441,31424.196604
-35.4,4095,31461.279374
-4.2,4081,31471.029374
-4.6,2638,31477.654374
-3.0,3665,31487.405565
-16.8,3269,31524.095916
-32.9,4479,31535.04904
-8.9,3109,31542.549041
-13.6,3360,31550.580684
-6.9,3442,31587.054958
0.6,3109,31594.539333
-11.7,3440,31602.617458
-13.2,4677,31642.044186
-13.5,3266,31649.731686
-27.4,6356,31666.780045
-15.8,4688,31708.647324
-7.4,2188,31713.834824
-15.0,3645,31722.412948
-7.0,3439,31730.569199
-4.5,2531,31736.553573
-4.6,2975,31772.449596
-7.0,5909,31786.449597
4.8,3370,31795.591403
-7.0,3441,31832.235984
-2.8,3780,31842.143422
-7.0,3573,31851.393816
-10.2,3155,31861.537586
5.4,7365,31910.326089
-14.1,3439,31919.139373
-35.4,3369,31927.092499
-14.9,3703,31963.943015
-5.1,2934,31971.566695
0.6,3360,31979.426071
-4.5,4080,31988.98857
-6.4,2775,32023.93122
-1.1,3272,32031.603096
-18.6,3640,32041.495293
-29.4,5082,32081.387261
-30.9,4792,32093.277404
-19.3,3878,32102.464904
-9.6,2282,32107.824278
2.2,3724,32142.765308
-9.5,3016,32150.9532
-8.6,3400,32159.0782
5.2,3876,32168.406325
-6.8,3432,32202.505462
-5.5,2664,32208.958587
-29.9,4721,32220.427338
-7.6,3442,32228.505463
-11.6,3650,32262.429867
-6.8,3441,32270.805265
-4.5,3975,32280.52441
-5.5,3099,32288.024409
-13.7,3140,32321.59166
-27.4,5863,32335.388536
-13.5,3200,32345.626074
-9.5,2875,32377.254939
-8.6,3001,32384.223688
-15.0,3662,32393.552206
-0.5,2998,32400.63033
-13.5,3238,32408.270955
-29.4,5836,32450.685769
-5.6,2687,32457.279519
-15.0,3447,32465.654519
-11.0,3445,32502.39254
-7.6,3569,32510.751916
-8.0,2289,32516.126915
-13.5,3125,32523.720666
-6.1,2878,32530.595666
-11.2,3261,32566.490735
-29.3,4560,32577.271985
-14.2,3764,32586.115735
-11.6,3443,32622.637377
-5.5,3339,32630.621752
-15.0,3444,32638.996752
-0.7,2292,32644.543627
-4.0,2771,32651.715894
-15.2,2810,32689.162588
-12.2,2641,32695.662586
-8.5,2935,32702.803212
-1.3,3437,32710.975088
-9.5,3313,32747.044633
-4.6,2835,32753.966509
-4.9,3441,32762.154009
-9.5,3101,32770.185656
-17.2,3154,32778.342299
-15.0,3784,32816.145873
-9.4,3169,32823.567748
-5.6,2765,32830.208374
-31.4,3947,32839.708374
-11.0,3438,32876.074127
-13.4,3452,32884.449125
-1.5,3402,32892.71475
-11.5,3439,32900.996001
-11.0,3441,32937.06283
-28.9,4601,32948.344471
-10.0,3141,32955.735096
-0.6,3371,32992.600955
-6.1,3003,32999.616581
-23.8,3959,33008.92908
-8.0,3835,33017.96033
-31.4,4976,33057.919452
-9.4,2882,33064.903827
-5.4,3217,33073.247972
-29.4,4564,33084.122972
-3.3,9526,33134.740253
-8.1,2579,33141.740647
-15.0,3445,33178.449327
-15.0,3438,33186.496203
-15.6,4416,33197.246594
-13.9,3401,33206.122382
-12.0,3209,33242.174905
-29.8,5155,33256.097961
-11.5,3542,33265.363977
-13.5,3116,33301.46192
-7.6,3448,33309.947083
-14.9,3760,33318.993959
1.8,4677,33330.165833
-10.6,3958,33367.735275
-6.0,3013,33374.750901
-15.0,3444,33383.20443
-6.3,3536,33391.704838
-15.0,3531,33428.695933
-15.0,3440,33437.274131
-11.0,3745,33446.039757
-11.5,3644,33454.524132
-11.6,3438,33491.606797
-14.9,3439,33499.731797
-1.3,3195,33507.466173
-15.6,4672,33546.253433
-10.6,3929,33555.706559
-7.1,3025,33563.425308
-8.0,3303,33571.225695
-9.6,2626,33605.869747
-14.9,3587,33615.46467
-4.6,2283,33620.855296
-10.1,3442,33628.933421
-15.0,3444,33638.795189
-30.9,4777,33680.120347
-9.4,2920,33687.104722
-12.2,3176,33694.635972
-20.9,3345,33702.557846
-10.1,3011,33738.97234
-6.2,3434,33746.925465
-1.5,3436,33755.175465
-11.6,3443,33763.31609
-6.1,2848,33798.291427
-20.7,3635,33807.025799
-22.2,4379,33818.386354
-6.9,2380,33823.980104
-7.6,3440,33860.190216
-6.1,2884,33867.20244
-10.6,3037,33874.60869
-9.6,3440,33884.157146
-8.6,3435,33920.475271
-11.6,3803,33930.08504
-2.5,2575,33936.210039
-18.2,4231,33946.256915
-5.6,3444,33983.429698
-0.4,2877,33990.601968
-0.1,3463,33999.712935
-14.7,3301,34007.447309
-22.5,4081,34043.045854
-23.3,3805,34052.499372
-7.2,3617,34061.093123
-16.7,3292,34069.093124
-10.1,3139,34102.408382
-10.0,3401,34110.517758
-4.6,2633,34116.814632
-9.8,2371,34122.439632
-4.1,3181,34155.097909
-14.7,3307,34163.051035
-14.9,4374,34175.115115
-4.7,2949,34182.005739
-6.1,2942,34214.601854
6.8,2888,34221.148729
-13.9,2924,34227.89873
-9.6,3479,34236.070604
-5.5,3415,34244.117479
-24.3,2985,34277.464421
-11.2,3667,34286.339807
-18.3,3239,34294.607341
-18.8,3267,34302.357342
1.3,2506,34334.142174
-16.2,3170,34341.7828
-10.1,3299,34351.25313
-2.0,3573,34360.12813
0.9,3088,34392.52349
1.6,2941,34399.445366
-7.4,4517,34410.242241
-20.2,4319,34420.445365
-19.2,3124,34453.636534
-23.8,4448,34464.152158
-9.5,2871,34472.9975
-20.6,4047,34482.88852
-18.3,3235,34515.75105
-16.5,2881,34522.9073
-14.7,3647,34531.7198
-9.3,3201,34540.158091
-16.7,3658,34577.130022
-9.2,3172,34584.551896
-13.7,2998,34591.598771
-19.3,3678,34600.64604
-4.1,2879,34635.369902
-14.7,4361,34645.666778
-15.0,3590,34654.307403
-14.5,4430,34695.987162
-9.6,3677,34705.128581
-9.1,3148,34714.255157
-11.2,3410,34722.286405
-9.6,3441,34758.98061
-20.7,3406,34766.839986
1.6,2939,34774.356398
-5.1,3544,34782.778273
-15.8,3371,34790.715773
-2.7,2285,34824.15997
-13.9,3716,34833.003718
-14.7,2383,34838.675593
-4.9,6849,34884.368356
-7.3,3316,34892.133982
-11.9,3457,34900.493356
-4.9,3445,34908.852736
-11.6,3442,34945.764002
-5.2,3381,34954.51441
10.0,6456,34970.155414
-9.4,3010,35005.301829
-11.2,3030,35013.193249
-21.8,3258,35020.818249
-4.1,3202,35029.88233
-9.2,2874,35036.679204
-8.2,2806,35070.995249
-18.8,3613,35079.432749
-16.8,3495,35088.7773
-16.3,4246,35099.10542
-18.8,3668,35136.640483
0.5,2454,35142.783024
-18.2,4375,35155.222493
-18.3,3281,35192.540944
-13.7,3276,35200.353442
-18.7,3374,35209.276103
-16.3,3777,35218.432354
-20.3,3950,35253.186306
1.7,2455,35258.951931
-3.0,3078,35266.32693
-18.2,4737,35277.63943
-17.2,4282,35312.878211
9.3,2807,35319.440711
-7.4,2899,35326.519229
-16.8,3183,35334.097354
1.6,4525,35373.431449
-9.2,3078,35380.681447
-4.1,2879,35387.55645
-12.9,3352,35395.493947
-14.8,3902,35432.731471
-11.2,3138,35440.075221
-13.7,3462,35448.575221
-13.8,3123,35455.887721
-14.6,3680,35494.947752
-14.7,3396,35502.869626
-20.2,4037,35513.40245
-7.4,3309,35521.668075
-9.2,2901,35556.824621
-6.4,2599,35562.840246
-1.1,9372,35584.980872
-14.7,3724,35623.421819
-1.9,2540,35629.421817
-19.8,3778,35639.641748
-22.8,3798,35648.750877
-10.6,5138,35686.726501
-19.3,3351,35694.757752
-12.4,3112,35702.226502
-14.7,3577,35737.215475
-22.3,3714,35746.012349
-3.2,2812,35752.6686
-9.2,3110,35759.965475
-9.2,2867,35766.762349
-14.2,3037,35803.252212
-5.8,2881,35810.439713
-7.4,2973,35817.783854
-9.2,3191,35828.317869
-16.8,3614,35865.69732
-13.8,3313,35873.712945
-20.1,3566,35883.135618
-16.0,3419,35893.028206
-1.9,2452,35927.002072
-21.9,3538,35935.095822
-18.2,4041,35944.595823
-17.1,4567,35955.971607
-8.6,3439,35992.349424
-6.5,9792,36016.72601
-14.7,3682,36054.041488
-1.1,3571,36062.916489
-16.3,4447,36073.588364
-12.6,3442,36110.283383
-15.8,4270,36120.111505
7.0,10645,36175.385535
-4.1,2850,36182.073035
-0.4,2976,36190.402342
-3.9,3988,36199.949217
-18.6,3687,36237.971888
-21.3,3349,36245.800014
-5.6,3927,36255.487513
-18.2,4657,36266.862513
-9.6,3443,36303.80477
6.7,8447,36324.726645
-18.3,3265,36361.732548
-17.4,3716,36370.373171
-10.7,3498,36379.796629
-8.8,3407,36388.281786
-14.3,3857,36427.754875
-7.4,3324,36435.536124
-12.8,3106,36442.92675
-1.7,3764,36452.318163
-14.2,3345,36490.340113
-18.3,3933,36500.700273
-10.2,3232,36509.012772
-4.2,3879,36518.122147
-18.3,3630,36555.048781
-13.7,3481,36563.23929
-4.2,3239,36572.240481
-12.9,3678,36580.896731
3.9,2418,36615.435059
0.0,9390,36640.687438
-20.0,4079,36678.598548
-13.3,5024,36690.520423
-21.8,4581,36701.911049
-8.8,3523,36736.322446
-17.1,4208,36746.478696
-4.2,3838,36755.728695
-18.3,4569,36795.344808
-16.7,4674,36806.235433
-10.4,4611,36817.079183
-9.6,3444,36825.329183
-7.6,3094,36861.940768
-16.7,3355,36869.831393
-9.2,3054,36877.018893
-5.9,2527,36883.128268
-1.3,2599,36917.195116
-14.7,3652,36926.336531
-11.0,4525,36937.962725
-5.6,3433,36946.0096
-9.1,3439,36980.408484
-7.7,2752,36987.017861
-7.4,3078,36994.580361
-1.8,3285,37002.470984
-2.6,2286,37007.908484
-0.2,3018,37043.882372
-7.6,2881,37050.866747
-5.4,2998,37058.147997
-4.9,2410,37063.913622
-16.8,3066,37101.872511
-4.1,2884,37108.700637
-1.9,2783,37115.356888
-18.2,4116,37125.794787
-14.3,3591,37134.169787
-14.7,3810,37171.378051
-7.6,2734,37177.878051
-7.4,3035,37185.159301
-14.7,3483,37193.315551
-0.9,3113,37229.211926
-5.7,3286,37237.118174
-4.9,2214,37242.321301
-13.2,2916,37249.196299
-18.2,4916,37288.848445
-9.1,3535,37297.098444
-7.1,3058,37304.931479
-11.5,3219,37314.18623
-7.2,3283,37352.63249
-0.3,3011,37360.360033
-9.2,3100,37368.501021
-5.9,3468,37377.757414
-12.2,3283,37415.588582
-15.4,3510,37424.797748
-11.2,3123,37432.719768
-17.1,4359,37444.14187
-8.6,3421,37483.770092
-2.6,6401,37502.27939
-13.3,4889,37515.84189
-1.4,3555,37556.553746
-9.9,2663,37563.991247
3.3,2423,37570.522496
-9.6,3437,37580.131871
-9.0,8835,37633.048345
-23.0,4850,37644.829595
-9.9,3313,37681.78715
-18.2,4417,37692.427775
8.1,4362,37702.834025
-1.9,2542,37708.865274
-9.6,3439,37745.994857
1.8,3966,37755.510482
-9.2,3077,37762.963607
-14.3,3527,37772.0265
-14.6,3686,37810.014638
-14.7,3709,37819.014638
-10.4,4712,37830.186514
-13.1,3300,37866.643759
-8.6,3834,37875.690632
-1.3,3456,37884.221881
-18.2,4844,37896.112507
-20.9,4076,37933.445197
-7.7,2703,37939.835822
-14.6,3163,37947.726839
-8.0,3269,37955.445589
-1.9,2691,37987.885852
-7.7,2827,37994.745225
-6.4,3237,38002.51085
3.9,6832,38044.280041
-9.6,3443,38053.594125
-17.2,4721,38065.062875
-10.7,3205,38072.687875
-1.9,2699,38105.143373
-8.6,3425,38114.581662
-1.9,2386,38121.661488
-4.6,3436,38129.848988
-8.3,3306,38137.739614
1.4,2700,38169.477931
-14.1,2907,38176.524807
-20.9,3447,38184.962307
-7.6,2449,38190.962307
-18.2,4267,38226.650054
-11.7,2490,38232.525055
-1.4,2401,38238.212555
-3.6,3013,38245.509429
-18.3,3638,38255.619593
-1.9,2747,38287.937
-1.9,2906,38295.202625
-13.0,3442,38303.483875
-10.7,2867,38310.34325
-7.7,2423,38341.721849
-18.2,4013,38351.112474
-14.7,3751,38360.221851
-28.8,4712,38371.878099
-9.0,8159,38419.805254
4.5,8901,38475.181285
-9.3,3678,38484.926598
6.4,3163,38493.10853
-2.3,3739,38503.0704
-1.9,2623,38540.720773
-17.2,4213,38551.616544
-7.7,2706,38558.713156
-17.1,4805,38602.356746
-19.8,4044,38612.862923
5.3,7956,38634.040382
-7.4,2995,38676.406109
-1.9,2885,38685.307001
-14.7,3458,38694.815347
-34.9,5047,38710.333793
17.1,8717,38770.272616
-8.3,4322,38783.111202
-11.4,2880,38826.802278
-7.4,3056,38835.484094
-7.1,3017,38845.748981
-18.2,4805,38860.267008
-18.2,4469,38907.791234
-15.1,3985,38919.375957
-9.2,2895,38927.938917
-4.9,2403,38935.009655
-4.7,10278,39001.237214
-6.3,3774,39012.075966
-12.9,3798,39052.840915
-10.8,3559,39062.678739
-0.9,5574,39078.032953
0.1,2770,39116.441814
-37.4,4773,39129.604634
0.9,3663,39139.78385
-1.2,3058,39148.18691
-9.1,2985,39186.316401
-13.2,3019,39194.369752
-6.8,3678,39204.55222
5.6,4933,39250.015027
-1.9,2906,39257.719894
-16.7,3275,39266.706382
4.7,2722,39273.904963
-17.1,3694,39283.745615
-8.1,3119,39324.017911
-2.6,2313,39330.669928
-1.9,2743,39337.91819
-7.6,2697,39344.985943
-8.6,3452,39354.244394
-1.9,2733,39392.931134
-6.1,3092,39401.158668
-1.9,2342,39407.441569
-12.6,3521,39416.7584
-8.7,2790,39456.035662
-5.9,2694,39463.315956
-16.7,3501,39472.73988
-6.1,3340,39481.433569
-1.9,2833,39488.952567
-16.1,4054,39534.580578
-16.2,4621,39548.283821
-1.9,2438,39555.195307
-18.5,3958,39596.806288
-7.7,2739,39603.446913
-7.4,3064,39611.594584
-4.4,3338,39621.030732
-15.8,3311,39630.091305
-14.0,4465,39672.250235
-7.7,2879,39679.922046
-6.8,3091,39688.427068
-16.7,4235,39730.841857
-9.5,3917,39741.623107
-8.1,2841,39749.623504
-14.8,3154,39758.717253
-12.2,2712,39766.283061
-13.6,3352,39804.567109
6.5,9370,39828.55082
-13.4,4049,39866.968674
-14.7,3393,39875.47883
-7.3,4253,39885.798568
0.1,3061,39893.189616
-18.1,4213,39931.479146
-12.7,3757,39940.566839
-14.7,3477,39949.711097
-18.2,4153,39985.722417
-6.6,2868,39992.659575
-9.2,3187,40001.789553
-1.9,2877,40009.01157
-7.7,2761,40016.004757
-5.3,3521,40051.12219
-13.2,3025,40058.645794
-15.2,3090,40066.079039
-7.7,2883,40073.052402
-0.9,2356,40105.945055
2.2,3528,40114.156538
-11.2,3120,40121.625456
-5.3,3762,40131.641514
-12.3,2832,40164.626519
-2.9,2813,40171.385492
-16.6,3635,40180.319735
-4.1,3131,40187.672075
-10.6,3189,40195.614319
0.0,2999,40231.831522
-12.4,3216,40240.855575
1.5,4593,40252.916145
-9.2,4564,40292.01184
-18.8,3669,40301.095778
-15.7,3913,40310.97957
-17.3,3214,40319.191276
-9.2,3315,40354.468358
-14.2,3780,40364.384424
-1.9,2654,40371.183496
-1.9,2753,40378.052824
3.0,4929,40422.055894
6.8,5366,40436.460538
-15.7,4434,40456.956419
-17.2,4805,40508.515993
-32.4,4153,40520.582937
-5.9,2799,40529.347299
-15.6,4022,40575.192992
-7.4,3139,40583.831098
-0.8,2882,40593.219088
-7.8,3458,40606.171719
-5.2,2931,40613.593611
0.1,2880,40652.346939
-15.3,4523,40667.229298
-10.6,2952,40674.746219
-19.2,2973,40689.623926
-18.3,2993,40728.958639
-3.0,2954,40736.727097
-16.5,4665,40749.944301
-1.9,2455,40757.433691
-8.8,3862,40796.833722
-1.9,2866,40807.193016
-16.3,3354,40821.559953
-11.5,4181,40839.451543
0.3,4344,40899.36679
-12.1,5166,40922.840575
-0.4,3080,40936.716498
-3.7,7855,41007.042281
-2.4,2444,41018.510594
2.8,9512,41099.781488
-17.6,3457,41116.141796
-17.2,4965,41139.340837
-16.7,4168,41194.830502
-5.6,2744,41207.861866
-4.7,3036,41222.449193
-1.8,2967,41236.38805
0.9,3926,41290.723945
0.3,9138,41335.033803
-14.3,3406,41387.033411
-3.2,3171,41401.95108
-16.3,4790,41424.506141
-6.9,3828,41442.474397
-4.5,3497,41495.607178
-13.7,3760,41512.762691
-1.9,2891,41525.458238
-8.6,3431,41541.142596
-1.9,2760,41588.587228
-16.3,3890,41605.945906
-5.4,3276,41620.642361
-5.7,2796,41633.392918
-10.2,5146,41693.203654
-1.2,3753,41710.722143
-1.9,3104,41724.926815
-7.2,2422,41735.960252
2.9,4013,41790.222106
-1.9,2760,41802.87778
-17.4,3631,41818.557275
-4.5,2978,41831.057636
-5.6,3098,41883.650167
-1.4,2831,41897.660813
-15.3,4624,41919.950988
-5.6,2901,41933.993989
-16.2,3015,41985.725274
-0.9,2415,41998.075221
-8.5,3744,42017.48964
1.5,3442,42033.177994
-1.9,2779,42045.930748
-1.9,3045,42101.062317
-15.6,3996,42120.902108
-18.8,3857,42139.66792
-11.9,3750,42197.132025
-1.9,2819,42211.633725
-20.4,3656,42229.59333
-14.9,3661,42247.503316
-4.9,2373,42258.931818
3.7,8768,42338.437608
-13.8,3751,42356.855956
-12.2,3308,42409.702749
-1.9,2746,42422.942272
-17.2,4485,42444.636405
-9.9,4078,42462.011057
-16.7,4568,42517.190391
2.4,3396,42532.844593
-1.9,2421,42543.901131
-9.7,3413,42558.87062
-7.9,3632,42614.034712
-0.9,2325,42625.335503
-7.8,3620,42642.50642
-7.3,3156,42656.003242
-12.3,3575,42707.910169
-14.8,3657,42725.327708
-10.8,2891,42738.388137
-19.6,4198,42757.41526
-10.8,3173,42806.226229
-8.1,3152,42820.847112
-35.7,4653,42842.666579
-7.3,3052,42856.156518
-11.8,3108,42905.095586
-5.6,3213,42919.691949
-11.3,3296,42934.579013
-8.5,3205,42948.973972
-1.6,4632,43005.625008
-7.3,3307,43020.394568
-1.9,2497,43031.533253
-9.3,3468,43047.973503
-7.4,3193,43098.204247
-1.9,2459,43109.021545
0.9,3652,43125.519727
0.3,3094,43139.474778
-0.5,4821,43196.265846
-5.4,3073,43210.198308
-1.8,2965,43223.484813
-11.9,4557,43244.483079
8.9,5409,43304.522439
-3.1,3202,43319.078375
-14.8,3965,43337.099232
-12.4,3418,43388.966548
-0.9,2348,43399.587969
-10.6,3353,43414.92802
-1.7,2829,43427.838361
-10.9,3240,43478.609108
-1.4,3576,43494.890565
-7.3,3416,43510.604662
0.5,3804,43527.926644
-9.4,3369,43570.343475
-10.7,3463,43580.597855
-1.8,2988,43591.355152
-36.4,4873,43606.013321
-2.7,3560,43644.375923
-9.2,2969,43651.984422
0.4,3072,43659.989684
-7.1,3782,43669.505148
9.4,3359,43706.083925
1.5,4035,43716.412073
-3.1,3978,43727.017698
-14.1,3213,43735.07041
-3.4,2723,43771.185646
0.7,3714,43783.070921
0.9,2874,43790.520613
-14.5,4187,43803.614058
-0.9,2356,43840.413529
3.6,4626,43852.036328
10.5,6986,43870.832318
-1.8,2987,43905.847231
-5.9,2365,43911.923809
-6.9,3329,43921.975457
-7.2,2601,43931.145036
-7.2,2369,43941.647242
-13.2,3473,43992.624115
1.6,2455,44004.148204
-5.3,2720,44017.065169
-4.9,3420,44033.079195
-11.9,3797,44088.800433
-1.9,2740,44102.009335
-9.4,3795,44121.196686
-4.8,3165,44136.34996
-11.4,3602,44192.421038
-3.8,2714,44205.416578
-1.9,2796,44218.848345
-10.8,3329,44235.411227
-9.7,3125,44250.063322
-12.2,3148,44300.07875
-0.8,3096,44314.185678
-1.9,2701,44326.640581
-1.9,2991,44340.110911
-7.4,3081,44390.130739
-8.0,3226,44404.81465
-13.6,3205,44419.610456
-1.9,2425,44430.847667
-9.2,3194,44445.094583
-15.0,3934,44497.876824
-11.6,3437,44513.708167
-4.9,2969,44527.504902
-6.9,2781,44540.252534
0.7,2443,44587.476493
-5.4,3078,44602.446438
-12.0,3210,44618.428244
-2.4,3447,44635.506663
-2.5,5575,44697.754533
-5.6,3007,44711.743298
-37.4,4347,44733.595608
-2.3,8137,44812.290451
-12.7,3229,44828.118505
-12.7,3646,44845.57306
-4.0,3431,44901.41254
-9.4,3611,44918.454932
-3.3,2963,44931.803827
-37.4,3723,44948.483096
-12.9,4136,45003.365687
0.1,2345,45013.982411
-11.4,3415,45029.419945
-7.5,3079,45043.102899
-0.6,3635,45096.015154
-3.4,3412,45111.448976
-14.0,4016,45129.836858
-1.4,2729,45142.512131
-11.3,2448,45153.752868
1.0,2968,45204.002411
-4.6,2564,45216.14307
-3.4,2748,45228.822042
-21.0,4412,45249.778976
-17.7,5023,45311.128816
-1.1,4557,45332.136354
-6.9,3311,45347.494278
-5.6,3449,45406.457135
0.3,2446,45418.708468
-12.0,3295,45433.68533
1.9,2375,45444.226815
-6.4,3250,45458.55197
-6.8,3004,45506.887007
-13.3,3739,45523.802618
-9.9,3040,45537.580192
8.2,5722,45598.340025
-16.5,4032,45616.808494
-9.0,3838,45634.648156
-11.6,3556,45651.014943
-5.3,4854,45708.554852
-8.2,3295,45723.768629
-11.8,3632,45740.739537
-7.2,3772,45792.866143
-15.5,3120,45808.036374
-5.4,3303,45824.085889
-17.2,4399,45845.241865
-5.0,3315,45897.741741
-1.8,2940,45911.529945
-9.2,3539,45928.512084
-7.4,3065,45943.169621
-4.0,3739,45997.044344
-12.3,6446,46027.754707
-5.3,4139,46047.106109
-5.3,3167,46097.992768
-14.6,3981,46116.613674
-12.2,3150,46131.430478
-30.9,4533,46152.862296
-12.1,3853,46206.799405
-33.7,4157,46226.564152
-25.7,3428,46242.437654
-6.0,3153,46257.16973
-19.8,4088,46312.160792
-10.0,4425,46333.152183
-7.8,2791,46346.200619
0.7,3643,46398.951546
-10.1,3631,46416.21261
-1.4,3184,46430.866205
-6.7,5095,46454.770241
-1.9,2793,46503.602099
-1.9,3011,46517.796551
-19.0,4764,46540.196432
0.3,3268,46555.449127
-5.3,3355,46607.65364
-6.4,2704,46620.935156
-3.2,2500,46632.415276
-26.4,3443,46648.548278
-13.8,3727,46705.783909
-36.4,4608,46725.688634
-13.4,3739,46742.003962
-0.8,2752,46754.042195
-13.4,4237,46807.94965
4.5,2379,46818.708828
-13.2,3787,46835.392143
-15.4,4028,46853.265209
-1.6,3819,46907.902452
-0.7,2554,46919.281647
-11.6,2894,46932.168236
-14.9,4172,46950.64437
-2.9,3188,47002.195037
-13.3,3047,47015.681559
-32.9,3718,47032.308645
-12.7,3006,47045.642387
-7.8,3053,47098.573001
-26.1,4949,47121.93758
-36.8,3740,47138.974527
-36.7,4450,47197.293634
0.0,2799,47210.081423
-27.4,4035,47228.443645
-28.2,3791,47245.672551
-25.2,5050,47306.346875
-4.7,2425,47317.316092
-34.8,4371,47337.142742
-9.2,4044,47390.854801
-5.4,3330,47406.269828
-32.3,4313,47426.149229
-32.1,4050,47444.69291
-34.3,4060,47498.323603
-13.0,4005,47516.724006
-31.4,3768,47534.117748
2.7,3108,47548.425351
-11.5,2778,47599.735314
-27.9,4332,47619.804856
-11.2,3853,47637.458495
-18.1,5012,47698.304829
-2.0,3521,47714.565984
-7.4,3483,47730.64935
-8.0,4431,47751.498998
-20.8,3790,47807.552874
-12.3,3172,47822.740792
-27.9,3133,47837.519937
-9.5,3435,47854.850004
-27.7,4919,47920.975255
6.8,4083,47941.538069
-6.9,3193,47957.279543
-5.1,3285,48015.948609
3.4,3569,48033.836979
-1.9,2404,48045.353267
-16.7,4700,48067.3232
-3.9,3060,48120.041575
-0.2,3066,48134.087332
-2.9,3531,48150.273736
-5.9,3029,48163.957114
-4.3,2696,48213.41661
-13.9,3940,48231.409309
-8.2,3331,48246.334468
-3.1,3192,48260.821426
-14.6,4053,48316.480699
-7.3,3603,48333.152231
-7.9,3958,48350.798143
-4.6,2756,48363.108895
-13.7,4608,48421.646808
-5.7,2998,48435.283299
-8.8,4006,48453.272565
0.8,3645,48469.990119
-13.2,3356,48520.564009
-15.5,3368,48531.854177
-7.3,3664,48544.498439
-4.0,3437,48559.498091
-6.7,3926,48600.098762
-6.6,3746,48610.052844
-0.5,2843,48617.410771
-14.5,3744,48657.34271
-9.0,3079,48666.126715
-15.0,4685,48679.436711
-6.9,3290,48688.983708
-1.4,3080,48727.693178
6.8,2925,48735.815178
-3.3,4065,48746.191178
-5.9,4193,48757.727
-11.1,3232,48794.941002
-2.7,3228,48805.230002
-29.4,5773,48821.354002
-14.0,4208,48863.120002
-1.6,4486,48877.082463
-3.9,2865,48885.202821
-9.1,3517,48894.994974
-10.5,3243,48933.000535
-14.7,4707,48944.769103
-3.4,2732,48952.763102
-10.4,3635,48962.098052
-16.9,4171,49016.265643
-1.2,3294,49028.802201
-7.8,3115,49039.294609
-6.8,3167,49056.243982
-35.4,4468,49108.037045
-8.3,2777,49121.218143
-8.2,3489,49135.21677
-4.8,3176,49145.255852
-9.3,3313,49185.949945
-7.0,3667,49196.791443
-12.4,2501,49204.543027
-3.6,2941,49215.644168
-12.6,2700,49255.096405
-4.2,3862,49265.44974
2.7,2909,49276.283787
-0.1,2777,49286.629906
-14.5,3897,49329.435353
-8.1,3099,49338.58234
-7.2,3047,49346.607977
-18.3,4061,49360.974819
-5.9,3468,49406.650743
-4.2,2961,49422.314588
-9.7,3989,49434.281732
-7.3,2897,49443.446257
-14.7,4690,49487.191201
-33.1,5269,49502.104957
-14.8,3663,49512.286365
1.4,4599,49558.809216
-6.4,3345,49569.526973
0.3,3176,49579.104282
-9.8,2768,49587.698948
-8.8,3393,49627.113036
-5.8,3043,49640.116082
-7.2,3513,49653.086703
-2.0,2844,49664.690625
0.8,3313,49676.796304
-6.9,3142,49716.189857
-5.8,2711,49725.293322
-16.4,4569,49741.435254
-0.2,3139,49752.894776
-18.2,4141,49794.300459
-5.3,3291,49802.924734
-7.6,3476,49811.775916
-7.7,2444,49817.964325
-9.9,3459,49853.298294
-12.4,5052,49866.188428
-6.9,2866,49873.288539
-10.9,3371,49881.956335
-2.3,4637,49922.301575
-13.8,3907,49932.278996
-13.1,3191,49940.098082
-9.3,3044,49976.317142
-1.0,3363,49984.626924
-3.9,3378,49993.559808
-7.6,2875,50000.877528
-5.3,3653,50039.99225
-5.3,2668,50046.852349
0.9,3407,50055.689827
-7.8,2637,50062.862633
-11.7,3854,50072.833977
-7.5,3157,50109.803807
-3.8,3010,50117.265914
-9.3,3695,50126.755287
-8.4,3612,50135.750758
-3.5,3618,50171.587442
-9.3,3213,50179.726635
-12.2,4533,50191.426641
-5.1,3520,50229.760574
4.9,3035,50237.494688
-12.1,3939,50247.420508
-5.7,2509,50254.222023
-5.9,3153,50262.743655
-18.7,3414,50300.234336
-12.7,3555,50309.346747
-5.6,3453,50318.540508
-7.8,2891,50326.05244
3.1,3880,50363.963432
-11.9,3682,50373.088319
-11.5,4205,50383.428709
-5.3,3491,50420.301233
-13.7,3038,50427.881838
-1.9,2999,50435.406213
-3.8,3013,50442.804549
-12.6,3728,50452.027822
-7.4,3253,50488.154815
-12.4,4028,50498.582444
-5.6,2941,50505.880843
-8.9,2937,50513.076126
1.7,3103,50549.632093
2.6,5725,50563.901672
-1.2,2684,50571.358584
-11.0,3183,50609.49395
-3.8,3409,50619.377697
-2.1,2488,50625.595905
-10.3,3331,50633.851754
-8.1,3727,50643.770208
-13.2,2872,50680.779007
0.0,2689,50687.923462
-9.5,3891,50699.646241
-9.3,3136,50707.555399
-9.8,3460,50743.048049
-9.8,4405,50755.845886
-1.9,2705,50762.640849
-1.5,3115,50770.579061
-3.8,2947,50808.889224
-17.2,3365,50817.368613
-1.2,4050,50828.500741
-7.1,2896,50837.1099
-6.4,3461,50881.418415
-3.3,2820,50888.614959
-3.8,2936,50896.213331
-6.0,2527,50902.470265
-7.2,3168,50910.246706
-11.1,3408,50950.620173
-12.7,2721,50957.579908
-9.3,3193,50965.669534
-9.5,2945,50973.023716
-5.3,3036,51009.895725
-8.2,3018,51017.357447
-9.3,3193,51025.427227
-3.7,2912,51032.651478
-13.7,3413,51072.74942
-9.3,3092,51081.024241
-12.2,3171,51089.395806
-7.4,3451,51098.067475
-9.6,3217,51106.228165
-6.8,3722,51147.347032
-3.6,3064,51154.951549
-15.2,3378,51163.299872
-7.8,3457,51172.393443
-8.4,3088,51211.683329
-10.7,3649,51220.885704
-8.9,3412,51229.569522
-13.4,3621,51238.761688
-3.8,2703,51278.223196
-9.9,3308,51287.374994
-8.8,3005,51295.582785
-8.8,2471,51303.727069
-9.4,3127,51344.663571
-5.3,3540,51354.818393
-8.9,3663,51364.498934
-13.1,3973,51374.59795
-14.3,3437,51415.871867
-13.2,5047,51428.676963
-9.3,3296,51437.063705
-9.3,3024,51444.469954
-17.3,4360,51485.93327
-3.2,2881,51493.980549
-5.0,3531,51504.058672
0.5,3173,51513.011798
2.2,3164,51550.605181
-8.6,3144,51558.509178
-9.3,3990,51569.586179
-3.3,2749,51578.00168
0.0,2695,51613.923752
-12.2,3553,51625.08107
-12.7,2996,51633.559194
-4.0,2840,51640.785047
0.2,2689,51648.044273
-9.1,3156,51685.15182
-3.3,2753,51692.930363
-3.6,2569,51699.393363
-14.6,3620,51708.401363
-15.5,4091,51746.409171
-11.1,4248,51756.73217
-4.0,2961,51764.141361
-12.7,3832,51773.622358
-18.2,4071,51813.077167
-9.2,3440,51822.66328
-9.3,3850,51832.417281
-2.3,3213,51870.095365
-4.0,4009,51880.18251
-6.9,3884,51889.941519
-7.5,2961,51897.934049
-12.9,4054,51938.599159
-3.6,2788,51945.956733
4.2,4717,51959.106966
-9.3,3530,51968.734101
-7.8,2909,52007.477694
0.0,2754,52014.763783
-17.2,4353,52026.326482
-6.9,2537,52033.092672
-14.1,4086,52072.599256
-13.7,3669,52081.966665
-7.6,2797,52088.966784
-4.1,3182,52096.911562
1.3,2468,52132.144581
-4.5,3533,52141.959908
-8.3,3391,52150.553658
-8.3,2807,52157.553659
-3.8,2723,52164.272411
0.1,2804,52199.010551
-1.8,2688,52205.979705
-3.4,3003,52213.479705
-9.3,3081,52221.120724
-9.3,3097,52257.09236
-3.8,2769,52263.670485
-6.9,4007,52273.40486
-3.3,3293,52281.482985
2.1,2578,52287.654863
-5.5,3328,52323.60975
-9.3,2990,52330.812876
-10.7,3757,52340.016001
-10.6,3217,52347.969126
-3.8,2730,52382.066849
-0.8,3185,52389.832473
-11.9,3044,52397.144975
-4.5,3028,52404.410598
-3.9,2708,52439.507098
-5.3,3198,52447.178972
-3.8,2663,52453.725847
0.0,2716,52460.397723
-14.7,3489,52468.866867
-7.7,3471,52505.824397
-3.8,2735,52512.668147
-16.2,3042,52520.293147
-8.2,2986,52527.574397
-9.8,3364,52563.640086
-12.9,3856,52573.546731
-3.8,2712,52580.202981
-9.3,3245,52588.140481
-3.6,2900,52595.984627
-7.9,3325,52632.301757
-7.4,3529,52641.114255
-9.2,3121,52648.786134
-4.3,3113,52656.12988
0.2,2465,52689.400306
-11.3,2916,52696.462806
-5.5,2973,52703.72843
-9.3,3525,52712.337805
-3.8,2725,52719.275703
-5.9,2587,52753.184734
-4.0,2481,52760.138146
-4.9,3652,52772.610853
-3.7,2755,52779.438978
-12.9,4238,52815.817323
-7.8,2650,52822.051699
-4.1,2728,52828.603082
-7.8,2751,52835.587855
-4.4,3107,52842.91598
-7.7,2493,52876.483142
1.0,2876,52883.874555
-2.3,2709,52891.110119
-6.2,3148,52898.531989
-9.1,3352,52933.519531
-11.3,3552,52942.14453
-7.8,2601,52949.051173
-7.8,2877,52957.052757
0.1,3055,52964.287132
2.2,2669,52997.587176
-9.2,3180,53005.087176
-3.2,3075,53012.432937
-13.9,3389,53020.448561
-6.9,3505,53056.360755
-13.4,3592,53064.923256
-3.7,2884,53072.267791
-0.4,2505,53078.596703
-8.3,3697,53114.03776
-3.5,2718,53120.50651
-3.9,2949,53127.365885
-7.4,2914,53134.13151
-3.8,2905,53141.00651
-6.0,3622,53176.787359
-9.3,3005,53184.708921
-9.7,2797,53192.036673
-11.9,3006,53200.920976
-7.1,2457,53207.317394
-3.8,2898,53242.828489
-3.6,2789,53249.821882
-12.6,3655,53259.03048
0.0,2738,53266.357135
-7.7,2753,53395.956342
-5.3,3243,53404.563806
-3.8,2885,53412.169094
-3.7,2694,53418.944732
-0.9,3418,53456.084541
-7.8,2959,53464.864341
-15.0,3137,53472.726952
-9.3,3121,53482.307535
-1.9,2543,53489.217659
-20.2,4021,53527.555743
-11.4,3097,53535.578653
-3.7,2797,53542.838867
0.1,2776,53549.795702
-9.3,3103,53586.077797
-11.2,3131,53593.898117
-13.4,3160,53601.81642
-5.5,3665,53611.046666
-4.0,2525,53645.218268
0.0,3399,53653.466603
-12.4,2975,53661.548489
-12.9,3875,53672.776388
-9.1,2987,53681.694707
-8.9,3617,53723.435815
0.0,2455,53732.222814
-18.9,3480,53741.777812
2.2,2468,53748.566813
-10.9,3150,53788.786818
-3.8,2731,53796.918815
-16.7,4490,53810.107819
0.0,2988,53818.576812
1.0,2934,53854.887813
-8.7,3211,53863.243812
-3.8,2695,53870.115813
-1.9,2735,53877.139811
-5.4,2993,53884.801575
-3.4,3220,53921.727575
-4.3,2830,53929.054574
-5.5,3115,53936.978575
-9.3,3247,53946.728575
-9.2,3073,53982.940575
-12.6,3437,53992.092575
-5.5,3406,54000.902577
6.7,3075,54008.701576
-9.3,3186,54045.783574
-12.4,3248,54054.591548
-10.6,3105,54063.446549
-20.5,4504,54075.85955
-20.5,3803,54114.755671
-11.4,3733,54124.975671
0.0,2645,54132.304671
-3.7,3103,54140.495846
-16.0,3134,54178.381845
0.0,2706,54185.202846
-14.6,3433,54194.066846
0.0,2734,54201.330927
-5.5,3532,54211.577925
-4.0,3062,54249.017602
-17.4,3283,54257.459602
-10.4,2473,54263.720604
-14.2,3563,54273.214628
-8.8,2749,54309.006627
-17.0,3587,54318.395628
-7.5,2968,54325.957454
-4.5,3137,54333.971458
-5.4,2928,54341.439454
1.4,3916,54380.774094
-9.3,3300,54389.193094
0.0,2695,54396.180094
-21.6,4049,54406.479797
-20.0,3759,54443.707914
5.2,3481,54452.659914
0.9,3225,54461.108177
0.0,3013,54468.796178
-6.4,3047,54505.044178
-13.4,3214,54513.262178
-1.9,2708,54520.57918
-5.0,3069,54528.411183
0.0,2868,54563.164182
-13.9,3617,54572.302223
-18.8,3476,54581.199223
0.0,2900,54589.712082
-3.7,2755,54596.845669
-22.8,3807,54633.996668
0.0,2885,54643.316667
0.0,2793,54650.395199
-4.5,2895,54657.897197
0.0,2887,54692.55115
-5.5,2879,54700.596151
0.0,2457,54706.892152
0.0,2856,54713.99615
-4.0,3117,54721.97415
-17.6,3914,54759.00411
-3.8,3049,54766.583109
0.0,2713,54773.462109
-26.9,4804,54785.542111
-17.3,3375,54821.249111
-18.5,3842,54831.725109
-2.6,3381,54840.498543
-14.7,3335,54876.580394
-12.4,3670,54885.647138
0.5,2812,54892.751139
-14.8,4103,54903.048138
-3.8,2580,54909.596136
-10.3,3188,54945.332871
-16.4,3236,54953.469872
-3.8,3080,54961.400873
-5.0,3065,54969.775882
-9.3,3044,55005.222869
-9.3,3433,55013.847868
-8.9,3762,55023.4548
-4.0,2676,55030.3518
-3.8,2790,55097.867254
-4.0,2878,55105.68556
-3.8,2512,55112.125831
-5.8,2525,55119.016531
-4.9,3101,55126.84493
-4.0,2642,55180.980047
0.0,2724,55188.177404
-7.0,2458,55194.319145
-8.7,3648,55203.672621
-16.8,3062,55211.119552
-15.1,7456,55279.291804
-2.8,2771,55286.519335
-6.0,3471,55296.757706
-16.2,3724,55353.412607
-9.2,3326,55361.477258
-8.9,3541,55370.292804
-3.4,3001,55377.748451
-6.2,2853,55435.213643
-5.8,3025,55442.610309
-3.8,2894,55450.212677
0.0,2673,55456.993928
-11.3,3478,55515.108012
-12.4,3321,55523.999908
-32.8,4234,55534.784077
-12.4,2929,55541.901416
-17.3,3533,55599.150657
-9.3,3405,55607.900467
-5.0,3025,55615.257522
-5.5,2902,55622.280382
-3.4,2475,55628.423782
-10.4,2908,55685.916639
-8.3,9089,55708.333511
-17.8,3486,55767.416825
-3.2,3339,55775.719699
-4.0,2499,55781.775721
-3.8,2894,55788.849341
-3.7,2997,55796.464718
-3.8,2979,55852.561712
-3.8,2552,55859.355663
-4.0,2545,55865.704778
-4.0,3541,55874.599937
0.0,2752,55881.507662
-4.8,2896,55934.766803
-5.5,2911,55942.184885
-15.9,3877,55951.726181
-14.2,3738,55962.235311
-3.1,2773,56014.154386
-4.0,3213,56022.080071
-7.7,2665,56028.637081
-5.4,3163,56036.407396
-13.9,3638,56090.649841
-12.9,3383,56098.745822
-9.4,3578,56107.746038
0.0,2376,56114.718946
-4.0,2777,56121.853074
-8.3,3041,56174.168034
-4.0,2553,56180.285912
-21.4,3900,56190.010102
-12.5,2595,56196.369966
-7.4,3017,56248.796327
-9.2,3145,56256.485984
-9.3,3437,56264.999615
-7.0,3361,56273.204248
-12.4,4123,56329.700564
-9.4,3175,56337.538836
0.0,2873,56344.591583
-5.5,3378,56352.92177
-7.1,2401,56359.03053
0.2,2694,56411.660996
-1.9,2935,56419.179059
-13.4,3374,56427.678742
-10.4,2869,56434.830017
0.5,2869,56487.690575
0.0,3013,56495.005432
-14.8,3614,56503.864638
0.2,2825,56510.692553
-23.2,3365,56519.050869
0.1,2873,56571.789752
-3.2,2899,56578.932065
-12.9,3430,56587.385363
-0.2,5991,56647.816149
-9.3,4205,56658.717765
-4.5,3069,56666.139165
-5.4,3107,56673.655811
-8.1,3512,56728.311627
-1.9,2732,56735.182036
1.8,2964,56742.329803
-12.9,3005,56749.638361
-10.1,3013,56756.937655
0.1,2706,56809.787387
-5.5,3217,56817.563554
-10.1,3333,56826.085913
-3.9,2521,56833.05185
-4.0,2582,56839.798977
-5.9,2546,56891.927559
0.1,3245,56899.897665
-5.3,3097,56907.757788
-3.7,2727,56914.443879
-4.0,2484,56967.022316
-9.2,3011,56974.094798
-3.9,2597,56980.32891
-1.9,2718,56986.948435
-10.9,3100,56994.837273
2.8,2737,57052.617193
-3.6,2461,57059.349825
-0.3,3065,57067.088359
0.6,2444,57073.308794
0.0,2473,57079.422481
-3.4,2856,57136.91101
-5.5,2992,57145.906982
0.1,2852,57152.989481
-2.7,3418,57161.523244
-5.5,2962,57169.264374
-3.8,2905,57323.429385
-8.9,3490,57332.485276
-5.5,3334,57340.932069
-3.5,2885,57348.150857
-7.6,3592,57406.670149
-11.4,3681,57415.976234
-4.6,2889,57423.274823
-12.4,3763,57433.234705
3.7,2749,58189.032275
-3.8,2761,58196.046566
0.0,3099,58204.141935
4.9,3039,58212.207062
0.1,3082,58220.349619
-7.8,2778,58259.601193
-3.7,3190,58267.459715
-0.3,2592,58274.07021
-10.3,3112,58281.813028
-9.3,3050,58320.777481
-6.9,3046,58328.69978
-5.5,2904,58336.639089
-8.2,3206,58345.463654
-0.3,2916,58353.453007
-4.0,2980,58398.392655
-9.3,3088,58410.655641
-3.8,2876,58420.400439
-2.1,2877,58428.949686
0.5,2711,58437.0631
-3.7,2898,58476.652927
-4.0,2704,58483.735703
-9.4,3107,58492.389991
-11.3,3364,58502.042977
-14.8,4880,58552.745182
2.5,3426,58567.182725
-5.5,3048,58579.762199
-11.4,3137,58592.268737
0.5,2605,58641.28186
-4.5,2939,58653.922848
-13.4,3778,58669.859475
-12.9,3626,58685.52951
-1.8,2777,58735.867937
3.7,2857,58748.58765
-5.4,3396,58763.641594
-5.5,3432,58778.543601
-8.4,2638,58790.124749
-4.4,2877,58841.632899
0.0,2671,58853.725767
-13.9,3505,58868.365871
-8.4,3209,58882.870837
-8.9,2994,58935.754806
-13.9,4589,58955.703932
-7.4,3168,58968.975879
-9.3,3020,58981.964241
-3.8,2722,59035.869354
-7.2,2414,59046.29103
-4.5,3494,59061.402954
-4.0,2588,59072.257521
-1.0,3786,59089.348969
0.0,3021,59143.256893
-33.6,4092,59162.929271
-2.0,2673,59174.76344
-1.3,3611,59191.360491
-5.5,3096,59244.910515
-2.5,2768,59257.234469
-15.9,3445,59273.493504
-17.2,4385,59293.410519
-3.4,3100,59350.9849
-10.9,3432,59369.078746
-7.7,3295,59385.446306
-9.3,2836,59400.599857
-5.8,2655,59456.494383
-15.0,3438,59474.432301
-12.9,3465,59492.445288
-14.5,3324,59510.051426
0.0,3129,59569.0194
-2.9,3527,59587.4014
-13.9,3420,59605.185631
-8.4,3713,59624.799417
-13.4,3364,59687.277808
6.8,3550,59705.996001
-4.0,2721,59720.154143
-28.9,4859,59745.974116
-5.4,3498,59807.222601
-7.5,2925,59822.503325
0.0,2926,59837.768719
0.0,2501,59851.211427
-7.4,2992,59866.934808
-11.9,2904,59925.625254
-4.8,2784,59941.401114
-9.1,3006,59958.451928
-5.0,2445,59972.216296
0.0,2714,60030.090691
-11.3,3398,60049.374373
-13.8,3835,60071.23299
-10.8,3565,60090.922445
-4.9,2434,60103.131715
-4.8,2761,60156.336963
-9.0,2536,60169.029454
-13.9,3337,60185.697694
-4.0,2706,60199.311638
-7.6,2450,60211.671916
-8.9,3709,60270.483551
-6.9,3658,60288.863653
-14.9,3620,60307.295136
-6.9,3550,60365.663245
-16.0,3447,60382.987319
-17.8,3730,60401.824737
-2.4,2736,60415.664733
-5.9,2493,60428.65277
-9.0,2446,60480.836577
-4.5,3274,60497.299906
-9.4,2974,60512.32959
0.0,3072,60528.443451
-3.9,2696,60588.636086
-4.0,2466,60601.649245
-7.4,3031,60617.614842
-7.4,3580,60640.245826
-4.9,3004,60656.006564
-13.5,2975,60717.525337
-12.9,3387,60734.838301
-0.5,2933,60749.533043
-10.5,3275,60766.117061
-14.5,3102,60822.42868
-9.0,2407,60834.596777
0.1,2800,60848.430194
-14.4,3412,60865.65888
-11.9,3210,60881.780625
-3.8,3246,60939.248888
-17.0,3442,60956.576147
-14.9,3393,60973.680862
-15.0,3401,60990.838367
-4.0,2470,61046.941087
-5.9,2775,61060.771245
-12.9,3577,61078.593743
-3.7,2709,61092.44435
0.4,3432,61149.842717
-10.5,2975,61164.736341
-12.9,3423,61181.976738
-13.8,4129,61202.912667
-5.8,2766,61216.809705
-12.9,3673,61275.319858
-7.7,2811,61289.481397
-2.7,3165,61305.470134
-12.4,2891,61320.021865
-2.5,3522,61377.218427
-11.4,2951,61391.9056
-5.4,3313,61408.259066
-4.7,2941,61422.871902
-7.2,2462,61473.938918
3.3,3121,61489.373955
-3.8,2894,61503.480173
-8.5,2881,61518.457233
-8.6,3679,61538.896137
-12.9,3427,61596.218626
-7.7,2501,61608.504991
2.8,2985,61623.445222
-7.7,2885,61638.39163
-5.9,2707,61652.778404
-5.5,3243,61711.119021
-4.4,3253,61727.715872
-13.8,4443,61749.958323
-3.8,2741,61763.279154
-20.2,2978,61820.694937
-7.5,2459,61832.389798
-11.9,3405,61848.840957
-9.4,3996,61868.073905
-13.4,3439,61925.452806
-13.6,3117,61940.752142
2.3,8858,62024.316577
0.0,2649,62037.39573
-17.6,4034,62056.562885
-7.4,3009,62070.428222
0.0,2976,62084.171584
-19.7,3463,62142.854366
-7.7,2566,62156.237564
-12.9,3572,62176.706745
-16.5,3131,62191.901125
-13.2,2977,62249.714522
-1.9,2868,62263.336794
-8.7,3432,62279.513231
-17.0,3180,62294.362648
0.0,2446,62347.445751
-7.2,2937,62361.647446
-12.9,3580,62378.191654
0.0,2686,62390.490405
-5.5,3043,62404.347517
2.0,2714,62459.294466
-6.9,2642,62472.358175
-5.5,3147,62487.587261
-7.0,2410,62498.776325
0.0,2785,62511.687762
-9.2,3175,62569.950695
-9.4,3078,62584.883449
-16.6,3321,62600.727079
-9.3,3057,62614.884137
-9.1,3057,62670.162903
-6.4,2869,62684.337226
-5.5,3633,62702.636433
-5.5,3369,62718.001163
-5.9,2514,62729.471056
-5.5,2885,62782.629686
-9.0,2542,62794.395475
0.5,3394,62809.978323
-5.5,3011,62823.821685
-11.7,2858,62876.506038
-11.6,2513,62887.897305
0.0,2625,62899.924095
-12.4,3140,62914.531419
-11.2,2509,62926.06431
-4.9,2465,62978.491169
-10.9,3861,62996.256923
-11.4,3170,63011.33882
-15.5,3433,63029.50192
0.1,3016,63043.6788
0.1,2736,63098.132351
-15.1,2995,63112.283078
-7.4,2972,63125.984894
-17.0,3446,63141.768565
1.2,4794,63203.490801
-6.8,2808,63216.348143
-1.9,2768,63228.985238
-14.2,3027,63242.909336
-7.4,3145,63297.246579
-13.3,4910,63319.891497
-15.0,3301,63334.890814
-16.0,3443,63350.606766
-7.2,2318,63400.835972
-1.9,2447,63412.086203
-10.9,3607,63428.680085
-12.6,3002,63442.464894
-13.2,2903,63455.747276
-16.0,3568,63511.365668
-7.4,3477,63527.360648
-14.9,3386,63542.723211
-14.2,3446,63597.801989
-20.8,4355,63617.583038
-1.9,2809,63630.474428
-14.2,3406,63646.196546
-2.0,3142,63699.191801
-8.7,2955,63712.778893
-2.7,2807,63725.603341
-14.2,3007,63739.11775
-3.0,2657,63750.92703
-15.5,4381,63808.783665
-11.3,2999,63822.221472
-16.8,3255,63836.674133
-12.9,3426,63851.936306
-16.0,3438,63906.612819
0.0,2890,63919.423222
-7.5,2990,63932.535296
-5.5,3003,63945.780837
-5.5,2908,63958.482896
-9.2,2894,64009.035808
-17.6,4132,64027.291838
-7.9,3344,64042.020563
-11.4,3200,64055.813592
-14.9,3575,64108.966666
-16.8,3458,64124.028511
-17.6,3758,64140.421821
-1.9,2817,64152.89383
-3.3,3329,64204.818607
-11.9,3491,64220.118932
-7.9,3412,64235.008011
-9.2,3136,64248.573391
-10.9,2472,64296.484539
-2.0,3495,64311.588564
-13.1,3427,64326.516794
-12.9,3415,64341.420842
-8.9,3411,64398.419261
0.1,2385,64409.562803
-13.5,3098,64425.323106
-19.7,3772,64445.112538
-16.0,3439,64504.216665
-2.7,2692,64516.952974
-3.7,6529,64549.699164
-17.8,3942,64609.561843
3.9,3116,64625.669957
-7.3,3164,64640.889247
-10.7,2967,64653.334259
-15.4,3439,64667.860689
-14.0,3557,64714.693058
-7.9,3808,64727.368075
-28.4,4561,64741.734455
-9.2,3277,64790.036986
-7.5,2920,64801.058122
-16.0,3442,64814.423847
-14.9,3423,64824.312953
-14.9,3513,64865.267828
-3.8,2905,64874.477662
-5.2,2346,64882.828579
-13.5,3334,64896.837171
-5.5,3113,64911.75198
-14.9,3773,64967.328806
-4.0,2848,64981.15682
-7.4,2971,64996.508307
-9.4,2781,65010.969526
-4.8,6872,65084.595479
-10.4,3103,65101.49717
0.0,2897,65116.953355
-7.5,2994,65132.388163
-14.4,2915,65178.718121
2.0,3395,65190.529717
-10.1,3521,65203.096488
-17.8,3362,65213.137669
-12.9,3978,65255.10662
-2.5,3055,65263.1013
-36.4,4462,65275.020577
-15.2,3280,65314.295092
-13.0,3218,65323.113857
-5.9,3025,65331.976907
-10.9,3021,65340.379873
1.2,3514,65350.069474
5.6,2442,65387.621305
-13.0,3187,65396.599155
-10.3,3359,65405.567134
-32.3,4298,65417.340652
-9.0,2299,65454.368801
-14.7,3307,65463.170591
-0.4,2776,65470.480854
-10.9,3705,65479.793714
-10.7,2911,65517.679944
-5.4,2977,65525.661144
-14.0,3444,65535.437537
-12.5,2884,65542.973086
-14.2,3165,65551.293464
-16.0,3438,65595.284691
-12.4,3245,65605.381103
-11.4,3146,65614.46315
-2.0,2931,65623.032214
-12.4,2447,65663.667068
-12.7,2673,65671.981094
0.1,2890,65680.540977
-5.4,2440,65687.620295
-6.9,3305,65697.180003
-9.3,5959,65747.970727
-17.9,3561,65759.139247
-5.5,2995,65768.431739
0.1,2979,65810.471377
-14.4,3437,65819.853295
-7.9,3218,65828.808
-14.5,3412,65838.478686
3.7,2715,65846.297364
1.2,3010,65891.70322
-6.0,3195,65905.873359
-3.1,3125,65919.947329
-14.2,3362,65935.265787
-3.8,2857,65987.478789
-13.4,3189,66002.841159
-16.0,3441,66019.56599
-9.4,3145,66034.587458
-16.0,3698,66092.623771
-2.4,2876,66106.869362
-16.2,3566,66124.293775
-7.3,2539,66137.08414
-0.9,8270,66217.099335
-11.4,3290,66233.822855
-1.9,2449,66245.670192
-8.7,3022,66260.571223
-14.2,3883,66319.201927
-0.2,2746,66332.628054
-10.1,3364,66349.061563
-9.2,2835,66363.212876
-14.5,3430,66421.779748
-10.5,2881,66436.003286
-10.9,2390,66448.022868
-5.5,3315,66464.568478
-12.6,3620,66524.67621
-1.8,2747,66536.63266
-13.2,3024,66547.037671
-1.9,2714,66555.791459
-7.4,3168,66564.983501
-17.0,3965,66607.951677
-13.2,3314,66616.891603
-4.9,2405,66623.298392
3.5,2526,66630.408769
-14.5,3099,66669.390941
-1.9,2481,66675.658314
-1.5,3013,66683.776358
-20.9,4184,66695.010085
-7.4,3031,66703.107078
-7.3,2775,66742.809846
-14.7,3638,66752.894709
-9.2,3349,66762.525565
-9.9,3806,66773.681767
-7.4,3378,66814.693559
-12.8,3122,66823.324895
-20.7,3560,66833.288864
-15.0,3448,66842.433012
-3.9,2475,66879.518804
-9.2,3174,66887.785158
-5.5,3100,66895.752581
-3.3,3034,66903.494533
-6.9,3130,66941.782546
-13.7,3343,66950.319197
-5.5,3083,66958.061237
-14.7,3581,66967.039613
-1.9,2464,66973.432528
-7.7,2480,67009.681266
-2.0,2780,67016.836986
-18.3,3868,67026.997021
-14.2,3332,67035.416656
-1.9,2871,67072.617762
-13.3,4708,67085.621146
-7.2,3389,67094.773438
-4.0,2469,67101.134213
-7.1,3525,67140.435275
-8.3,3284,67149.228644
-2.3,5236,67163.023838
-9.3,2975,67171.181452
-1.9,2451,67207.074101
-17.6,4176,67218.375472
2.0,2218,67224.676788
-5.5,3018,67231.938482
-12.4,3028,67268.746367
-7.7,2782,67275.634313
-14.9,3387,67284.102742
-7.7,4347,67295.009819
-4.6,3338,67332.803983
-15.6,4021,67342.743535
-14.5,3236,67350.940631
-10.2,3090,67359.074341
-10.7,3070,67396.489914
-6.9,3256,67404.880483
-9.5,2926,67412.760529
-11.1,3662,67422.006637
-14.7,3573,67461.260368
-0.2,2796,67468.558701
-9.7,3038,67475.871654
-12.9,3869,67485.262513
-5.9,2708,67492.481339
-16.7,3648,67530.926538
-12.7,3149,67538.714367
-5.4,3366,67547.238168
-29.4,5351,67590.085263
-9.2,3248,67598.437103
-4.0,2482,67605.071701
-14.5,4957,67617.948752
-14.2,3312,67656.492932
-11.7,2672,67663.287022
-10.5,3339,67671.835305
0.0,2969,67679.286745
-1.9,2753,67686.159064
-13.4,3658,67745.098512
-5.3,2461,67752.036708
-19.7,3717,67762.369235
-13.6,4244,67774.788428
-9.2,3333,67837.771026
-5.5,3249,67846.803013
-14.2,4047,67859.140134
-13.7,2559,67865.96415
-0.3,2468,67925.042791
-14.2,2905,67933.033355
-6.5,3281,67942.05843
-14.4,2923,67950.512979
-6.4,3176,68010.623924
-5.5,3288,68020.879253
-1.9,2668,68028.428319
0.0,2817,68036.397869
-13.7,3279,68045.900507
-9.2,3039,68106.483286
-11.3,3306,68115.962113
1.8,2813,68123.644076
-7.4,2902,68131.638076
-21.1,3890,68194.463085
-15.2,3299,68203.028343
-12.4,2927,68211.619049
1.8,2894,68219.694392
-6.8,2934,68228.374902
-6.1,3172,68288.95867
-19.3,3574,68298.855319
-14.9,3405,68307.896384
-7.4,3027,68315.774421
-6.9,2937,68374.799132
-1.3,3102,68383.471029
-7.4,3299,68392.715913
-6.9,2472,68399.747979
-5.9,2430,68407.27387
-7.4,3272,68466.906034
-5.5,2919,68474.821299
-6.0,2905,68483.817118
-7.4,2928,68491.537443
-8.7,2990,68550.6586
-14.2,3105,68558.965208
-1.9,2448,68565.89678
-7.1,3326,68574.9373
-17.8,3504,68584.416092
-29.9,3815,68646.199532
-14.7,3583,68655.974465
-14.7,3311,68665.555982
-2.0,2749,68673.189993
-5.5,3038,68731.875847
-1.9,3264,68740.636208
-1.9,2336,68747.512954
-11.4,3007,68755.584637
-1.9,2872,68814.491949
-5.2,3146,68823.220896
-5.9,2846,68831.661039
-10.4,3574,68841.475918
-14.7,3586,68852.46381
-13.7,3825,68913.821752
-9.2,3062,68922.260663
-14.7,3761,68932.481127
-11.9,3942,68993.644052
-13.9,3395,69002.626709
-13.7,3174,69011.24674
-19.3,3405,69020.05263
-15.0,3643,69080.232617
-8.7,3197,69088.967139
-9.2,3137,69097.45123
0.0,2797,69104.716727
-17.3,3350,69113.730485
-7.2,3741,69174.176644
-6.9,2327,69180.113406
-13.9,2968,69187.850256
-14.5,4047,69199.006207
-5.4,3430,69258.899446
-14.8,3014,69267.110019
-8.7,2426,69273.743805
-7.4,3012,69281.815998
-1.9,2455,69288.936393
2.1,2403,69346.12882
-10.9,3281,69354.743499
-2.3,3204,69363.515291
-17.7,4554,69376.086981
-6.9,2435,69432.981592
-0.1,2999,69441.029709
-14.7,3714,69451.077746
-17.6,3897,69461.404216
-21.2,3553,69521.517625
-13.9,4141,69531.93648
-14.4,3353,69540.214446
-5.4,3044,69547.658014
-32.9,6243,69594.514402
-4.4,5039,69607.22569
-0.3,2674,69614.076637
-12.9,3580,69652.966868
-14.2,3310,69661.177276
-16.1,3655,69670.363341
-5.5,3007,69677.961167
-8.7,2904,69715.834237
-11.5,4964,69728.495958
-10.9,3427,69737.186296
-20.5,3620,69776.511504
-9.2,2960,69783.825782
-17.2,4392,69794.92293
-21.8,4384,69806.131571
0.0,2442,69842.567554
-14.2,3346,69850.904626
-1.9,2753,69857.856396
-12.4,2919,69864.83855
-1.3,3236,69872.589486
-13.4,3314,69910.940592
-5.5,3914,69920.721105
-9.2,3258,69928.767654
-4.3,5879,69972.002186
-4.1,3276,69979.917401
3.8,3126,69988.852754
-9.1,3335,69998.014706
-10.5,4527,70043.754297
-9.7,3226,70053.36431
-5.5,3196,70062.345904
-1.2,5012,70107.596614
-9.2,3024,70116.618812
-22.3,3070,70125.205396
-7.4,3057,70133.901911
-14.9,3386,70143.685912
-16.8,3069,70182.998913
-6.9,2544,70189.842911
-5.4,3155,70198.186428
-11.9,3934,70208.237428
-9.4,2912,70246.852427
-14.2,3579,70257.12682
0.1,2928,70264.315338
0.0,2839,70271.512335
3.6,2724,70309.189335
-27.9,5404,70323.799335
-22.0,3931,70334.249849
-14.7,3944,70345.254525
-16.2,3683,70386.297827
-5.3,3188,70395.611107
4.6,2824,70403.07111
-11.4,3283,70411.407107
-14.9,3471,70456.898246
-9.2,3040,70468.744819
-11.0,2525,70477.678055
-14.2,3583,70489.742862
-6.9,2480,70527.961595
-10.7,4666,70540.219923
-4.4,3357,70549.102274
-16.8,3745,70558.557493
-6.0,2716,70595.972661
3.6,2837,70603.398613
12.3,8248,70625.531726
-7.4,2913,70672.112474
-17.0,3006,70686.885733
-15.1,3089,70701.45294
-16.2,3944,70715.845568
-18.3,3283,70757.307077
-7.4,2971,70765.098931
0.1,2713,70772.136724
-18.8,3564,70785.668369
-18.8,4560,70828.683779
-0.9,2497,70835.257063
-9.2,3126,70844.90497
-2.0,2770,70854.987097
-12.7,3107,70863.258861
-7.4,2901,70907.914155
-15.9,4053,70925.700285
-13.2,3824,70942.690197
1.3,3953,70997.26123
-32.9,5842,71017.979303
-12.4,2924,71025.97965
-6.3,3786,71036.304508
-17.3,3667,71077.538059
2.0,2356,71083.72556
-17.6,4092,71094.453339
0.0,2452,71100.599304
8.9,2773,71139.18733
-22.3,3664,71149.436319
-4.0,2549,71156.359182
-7.4,3219,71164.903878
-7.4,3018,71173.10973
-7.4,2968,71211.412915
-6.0,3004,71219.142531
-12.9,3777,71228.849849
-2.0,2775,71236.033869
-8.8,3048,71274.40044
-2.9,4539,71286.292472
-3.9,3056,71294.199197
-3.9,2526,71300.854018
-16.8,3065,71339.210357
-10.9,3089,71347.118224
-7.2,3906,71357.264994
-5.5,2908,71364.890131
-8.7,2960,71402.495103
0.0,2854,71409.568659
-28.9,4565,71421.183612
-3.9,2751,71428.297169
-2.0,2863,71435.706049
-13.5,3403,71474.827457
-22.3,3671,71484.199694
-18.8,3671,71493.576571
-22.6,4712,71539.802434
-7.4,3045,71547.444306
-8.7,2749,71554.441422
-17.6,3457,71563.194722
-5.5,3224,71601.037107
-12.4,3013,71609.228161
0.0,3051,71617.456909
-18.3,3117,71625.703198
4.5,7885,71674.233963
-7.4,2920,71681.779597
-1.9,2458,71688.136839
3.7,2786,71695.105597
-0.7,3053,71732.86151
-0.5,3385,71741.050583
-4.0,2602,71747.498224
-17.9,3489,71756.375993
-14.9,3309,71795.039213
1.0,2710,71802.163006
-31.4,4305,71813.419211
-11.9,3269,71821.762935
-5.5,3225,71860.248178
-6.9,2429,71866.113857
-15.5,5095,71879.386742
-11.1,3149,71887.409682
-4.0,2465,71893.66439
-7.3,2915,71931.171072
-7.3,3161,71939.418203
-17.6,3643,71949.208713
-5.7,3091,71956.940331
-18.5,3908,71997.391539
-1.0,2443,72003.465783
-18.3,4121,72014.203606
0.1,5622,72058.896087
-13.9,3865,72068.754174
-18.8,3406,72077.498036
-16.6,4198,72088.142204
-1.9,2339,72124.519657
-5.3,3415,72133.43915
-29.9,4897,72145.711044
-4.7,3056,72153.645941
-12.9,3578,72192.899802
-6.9,3330,72201.705612
1.3,4463,72213.706617
-11.4,3064,72252.683959
-19.2,4561,72264.522839
-14.6,2749,72271.588212
-7.5,2647,72278.518223
-4.5,2530,72284.992132
5.2,8717,72337.972511
-16.8,3497,72346.972105
-7.4,3136,72385.106784
-13.0,3275,72393.790987
-7.7,2656,72400.41584
-7.5,3153,72408.541281
-18.3,3261,72417.121397
-10.9,2461,72453.534163
-12.9,3559,72462.703731
0.5,2852,72470.233299
-27.4,5955,72515.778113
0.6,3521,72524.87872
-20.0,3925,72534.934126
0.0,2673,72541.747735
-19.1,4328,72582.949429
-12.6,4184,72594.035164
-21.3,2738,72601.371343
-11.3,3553,72610.276273
-12.9,3928,72651.207818
-6.9,3579,72660.799368
-4.0,9093,72716.11902
-19.6,4017,72726.817749
-17.6,3638,72736.189846
-6.7,3469,72745.441746
-9.6,4020,72786.342886
-11.9,4075,72797.003952
-13.9,3437,72805.933447
-17.3,3409,72814.464188
-1.9,3021,72852.060879
-8.8,3863,72861.818375
-8.1,3694,72871.426041
-7.2,3937,72911.162745
-18.3,3160,72919.162347
-2.4,2815,72926.337238
-7.4,3035,72934.185086
-21.7,4080,72974.126848
-1.9,2892,72981.29366
-18.6,4446,72992.121461
-7.2,2459,72998.179894
-8.4,3770,73007.723205
-2.6,3084,73045.048169
-15.7,4039,73055.189518
-10.4,4104,73065.389489
-4.0,2687,73101.157036
-6.9,2949,73108.357021
-1.9,2385,73114.186817
-7.8,5498,73128.018523
-1.4,2868,73165.357965
-11.4,4796,73177.036904
-1.4,2410,73182.838502
-12.3,3566,73191.561769
-4.2,2719,73227.633333
-6.3,2946,73234.838275
-14.3,4272,73245.444692
3.2,2497,73251.605547
-15.0,3707,73260.926282
-6.9,2473,73297.965406
-18.6,3917,73309.988666
-28.9,7171,73330.272382
-25.4,5904,73375.941401
-31.9,6153,73391.318954
-7.2,3432,73428.793262
-6.4,2773,73435.619187
-27.4,6635,73453.060358
-30.9,4749,73499.398477
-3.0,2411,73505.231969
-27.4,6363,73522.231639
-13.1,3864,73561.010039
-1.6,3472,73569.494159
-29.4,5906,73584.91027
-5.9,2440,73590.860645
-11.5,4281,73631.786334
-19.3,3760,73640.851304
0.1,2837,73647.650747
-17.6,3796,73687.760595
-13.0,4556,73698.873434
-0.5,3196,73707.841149
0.5,2863,73714.951448
-32.4,3611,73753.805905
-18.1,4523,73765.777248
-16.3,3455,73774.863454
-7.4,3163,73782.854731
-12.4,3374,73822.386429
-1.9,2759,73829.151719
-15.6,4505,73839.924473
-26.9,6215,73883.737332
-12.6,3088,73893.299948
-8.4,3163,73901.243701
-17.6,3764,73910.469222
-29.9,6558,73956.318101
-14.0,3739,73965.185458
-15.7,4003,73976.348308
-7.4,2988,74013.488907
0.9,2868,74020.553511
-17.5,3051,74027.9253
-1.4,2401,74033.782936
-5.8,3522,74042.373848
-6.5,3578,74079.067857
-7.2,8529,74101.17805
-6.7,3777,74138.817572
-11.2,3212,74146.727405
-12.0,2697,74153.253526
5.3,5748,74167.431525
-11.6,3243,74204.147382
-6.9,3203,74211.90711
-16.1,3639,74222.466873
4.2,3304,74230.470413
-15.6,3674,74268.118321
-16.1,4037,74278.768773
-8.4,3076,74286.139786
-15.7,3627,74323.802612
-9.9,8321,74350.228241
-21.3,3348,74358.99544
-15.1,4324,74397.719109
-20.0,3826,74407.08471
-15.1,3991,74417.26953
0.1,2721,74423.713925
-26.9,6356,74468.718253
-3.0,3568,74477.315476
-18.9,4618,74518.207437
-10.4,2890,74526.93544
-21.5,3875,74536.2804
-16.6,3621,74545.263486
-5.0,3252,74581.361004
-15.4,4461,74592.410649
-17.2,3956,74607.339128
-29.9,4566,74620.138836
-9.2,3717,74658.48265
-5.7,2827,74666.511966
-7.3,2913,74673.389922
-13.2,3927,74683.651079
-12.1,3301,74719.547121
-3.9,4035,74729.232564
-3.8,2674,74736.199661
-15.1,4284,74774.931829
-16.1,4158,74787.495388
-7.4,2968,74796.474957
-5.2,4157,74806.450556
-6.9,2955,74841.765631
-17.6,3990,74854.262656
-10.9,2735,74860.850543
-6.9,3168,74868.458284
-6.5,2499,74874.557765
-12.4,2983,74909.334674
-17.7,3987,74918.902395
-6.9,2808,74926.978329
-6.8,3401,74936.946845
-11.1,3428,74976.340542
-16.0,4131,74987.689528
-0.4,2875,74994.840808
9.5,3414,75003.418529
-18.8,3354,75043.743042
-31.4,4572,75056.106954
-17.1,3659,75065.980572
0.0,2725,75073.156036
-13.6,3215,75112.316267
-14.9,3118,75119.857294
-11.7,4246,75130.487
-17.3,3984,75170.786117
-10.0,3874,75180.413183
-13.6,4052,75190.49649
-16.1,3960,75200.036797
-30.9,5932,75243.068622
-5.4,2202,75248.359856
-27.4,6461,75263.912482
-6.9,3153,75300.006661
-3.4,3095,75308.731891
-32.4,4410,75320.05719
0.0,2365,75326.096645
-9.2,2670,75363.134183
-28.9,4863,75375.35447
-3.8,10131,75430.705605
-31.9,5308,75443.932897
-4.4,3476,75452.463805
-19.6,3649,75491.995254
-13.5,3196,75499.861957
-30.4,4549,75510.913125
-18.0,3514,75519.427263
-17.0,4372,75561.083961
-10.2,3481,75569.736579
-15.5,3810,75579.078363
-3.3,2897,75616.867853
-6.7,3026,75624.737148
2.4,3202,75633.097086
-10.2,3549,75642.707411
-9.4,3492,75680.21433
-1.4,2830,75687.296377
-8.4,3384,75695.535364
-30.9,4491,75706.540695
-12.6,3708,75744.042989
-5.0,2668,75750.512193
-32.4,4195,75760.355437
-29.4,5745,75774.400983
-30.9,5669,75816.399589
-3.9,2666,75823.114187
-29.9,5162,75835.623821
-29.9,4586,75876.439177
0.6,2384,75882.487079
-12.5,4083,75892.456608
-30.9,5499,75934.806675
-30.9,4424,75945.553263
1.1,3263,75953.681185
-9.3,2673,75960.073061
-1.9,3638,75997.065777
-29.4,5511,76010.678159
-14.3,3310,76018.859218
-8.1,3316,76054.748805
-30.9,5844,76069.197905
-29.4,6610,76114.368398
-30.4,4541,76128.048098
-30.4,6669,76159.194459
-30.9,5609,76217.160341
-27.9,5851,76245.440146
-30.9,4477,76267.148709
-29.9,4908,76332.677671
-30.9,5156,76358.845149
-0.9,2475,76368.474537
-10.8,3374,76415.214008
-9.3,2252,76422.841815
-18.1,3443,76434.864513
-30.9,5008,76450.018156
-3.0,4834,76504.099117
5.4,2809,76514.008135
-19.6,3834,76527.815768
-9.4,3567,76578.434567
-26.9,4774,76595.929799
-8.9,3317,76610.010735
-14.8,3144,76622.476624
-30.9,4412,76674.758051
-28.9,5550,76694.852037
-9.1,2899,76706.078174
-14.1,4505,76761.811577
-28.9,4465,76777.919892
-30.9,4742,76794.364522
-0.5,2276,76802.434067
-19.7,3558,76842.405581
-29.4,6466,76860.673515
-13.7,2596,76867.258557
-22.1,3945,76906.558863
-4.0,2806,76914.323116
-17.1,2891,76922.135508
-0.2,2405,76928.329694
-8.5,3920,76968.169236
-15.0,4090,76978.978475
-10.9,3760,76988.547785
-15.3,3073,76997.222559
-9.5,3007,77036.252698
-8.8,3974,77046.247039
-30.9,4044,77056.63765
-8.8,4242,77067.828042
-26.9,4880,77111.142884
-1.9,2782,77118.759138
-6.9,3590,77127.755645
-13.2,3457,77167.001801
-9.8,3216,77175.061047
-29.9,4968,77187.518883
-7.4,3013,77196.907373
-13.5,2880,77233.695277
-10.1,2880,77240.689181
-5.0,3367,77251.065388
-20.3,3249,77259.378905
-29.9,4785,77300.940725
-18.7,3107,77311.693597
-7.4,3269,77320.780013
-6.8,2970,77327.940252
-9.4,3209,77365.950277
-23.3,3799,77375.301979
-10.4,2745,77382.101446
-16.7,4493,77394.135059
-10.8,3647,77433.012255
-1.9,3250,77441.214084
-15.6,2443,77447.391254
-1.4,2864,77454.337649
-9.6,3372,77490.9253
-28.4,4430,77504.033689
-10.9,2976,77511.409353
-17.3,3354,77519.637877
-18.9,3478,77557.119714
-7.3,3854,77566.358838
-1.4,2677,77572.914545
-10.8,3056,77580.407596
-1.9,2892,77587.355269
-9.8,2931,77624.072842
-29.9,5266,77637.54738
-13.4,2858,77644.595615
-28.9,5642,77689.842489
-27.9,6001,77705.526875
-32.4,4135,77718.31074
-15.2,4058,77765.533674
-2.6,2225,77774.317986
-7.6,5962,77798.018759
-32.4,4219,77853.098104
-10.8,3604,77869.012504
-29.4,4877,77891.109202
-4.1,2850,77905.915684
-34.4,4572,77968.944516
-30.9,4120,77989.323937
-16.3,3076,78003.732075
-1.9,2785,78055.598916
-27.4,5990,78082.722778
-14.1,4922,78106.041028
-30.4,5914,78167.018329
-7.7,3811,78184.950573
-28.4,4855,78206.35512
-27.4,4916,78265.796999
-16.6,3684,78280.53986
-9.0,3072,78293.413017
-5.9,2747,78304.457168
-3.4,2762,78347.900906
-3.9,3025,78359.795002
-1.3,3437,78373.612378
-14.0,4716,78394.997102
-8.1,2753,78448.561563
-29.9,4860,78472.538978
-28.9,4558,78497.420567
-5.0,2540,78551.745943
0.5,2344,78561.928164
-28.4,5648,78588.798046
-28.4,4527,78610.156428
-6.4,4668,78674.486114
-6.0,3101,78690.435081
-7.0,4123,78711.395962
-13.4,3814,78765.531958
-1.3,2777,78777.435162
-29.9,5427,78799.676437
-5.8,4926,78853.038638
-6.9,3276,78862.627764
-16.3,3564,78875.369492
-10.0,3019,78888.910159
-28.4,4993,78957.05407
-22.6,4619,78980.661659
-6.9,3030,78993.100451
-29.9,4570,79046.296276
-27.4,5035,79065.862122
-5.7,3853,79080.76772
-19.8,3974,79127.561457
-30.9,4495,79144.366579
-8.1,3740,79158.171626
9.6,3410,79171.918539
-7.8,3444,79215.046677
-5.2,3368,79223.740981
-9.6,3951,79233.922117
-7.5,3447,79242.78896
-28.4,5027,79286.744821
-10.7,2939,79294.27616
-14.5,3750,79304.365373
-27.4,5912,79351.509379
-29.9,5085,79364.996259
-32.4,4529,79376.699321
-5.2,3829,79417.814102
-31.4,4655,79429.841157
-16.5,3442,79438.884369
-4.4,3763,79481.165065
-34.4,4556,79492.911679
-29.9,4563,79504.926934
-14.0,4384,79549.19162
-13.3,4752,79561.601728
-31.4,5327,79575.499168
-29.9,4558,79617.911813
-12.9,3417,79626.997321
-13.4,4469,79638.681349
-10.0,2994,79646.707137
-0.4,4249,79687.55237
-28.4,4860,79700.149205
-3.5,3444,79709.004223
-26.9,5987,79754.728969
-30.9,4323,79765.839691
-11.1,3556,79775.062958
-10.5,2945,79812.674507
-14.5,3750,79822.379306
-29.9,6082,79838.448381
-3.4,3647,79877.956713
-5.4,2969,79885.514798
-29.9,5187,79898.993088
-6.5,3442,79907.642799
-32.4,3974,79948.023424
-28.4,5178,79962.476091
-10.7,2802,79969.614474
-8.3,3528,80008.561329
-9.0,3016,80016.032703
-12.5,3787,80025.55617
-35.4,4080,80035.912027
-17.0,3017,80073.391744
-10.8,3142,80081.265724
-32.4,4399,80092.465837
-8.0,2677,80099.287278
-6.8,3886,80138.1491
-30.4,4554,80149.60665
-29.9,5051,80162.49278
-4.0,3447,80201.442348
-9.7,2665,80208.030284
-9.7,2801,80215.076815
-4.9,3177,80223.212507
-31.4,4553,80234.829161
0.1,2757,80273.969201
-11.0,2979,80281.595428
-9.0,4009,80291.9545
-36.4,4791,80335.928735
-9.2,3856,80345.43458
-35.4,4179,80355.885021
-29.4,4306,80366.823921
-29.9,4875,80408.906265
-13.7,3720,80418.498389
-34.4,4545,80430.038276
-35.4,4828,80474.380835
-7.5,3563,80483.283889
-33.4,4547,80494.76519
-29.9,4950,80538.344856
-35.4,4020,80548.399008
-32.9,4042,80558.945137
-29.9,4904,80600.672375
-4.2,4034,80610.832851
-25.8,3317,80619.089337
-29.3,4996,80660.839103
-8.8,2843,80668.148579
-31.4,5434,80681.988961
-8.6,3771,80691.653369
-30.9,4900,80733.511296
-6.7,3959,80743.318867
-19.6,4911,80755.64274
-12.5,3305,80793.219818
-8.5,4105,80803.676673
-29.4,5596,80817.978892
-5.3,3753,80859.29597
-28.4,5590,80873.493376
-26.9,6394,80921.802228
-3.3,3049,80929.576748
-3.7,3797,80939.370003
-29.2,4675,80951.123008
-35.4,3412,80991.544316
-28.4,5853,81006.758996
-3.7,3419,81015.341679
-29.4,4956,81059.855489
-34.4,4179,81070.524636
-18.9,3394,81079.206032
-28.4,5537,81125.038094
-18.2,4161,81135.621093
-31.8,4235,81146.673513
-30.4,5350,81191.85635
-34.4,3942,81201.744672
-16.5,3449,81210.281978
-4.4,3466,81218.946508
-18.8,4167,81261.008051
-5.3,3440,81269.564302
-29.9,4565,81281.093794
0.8,3243,81320.790633
-19.8,3918,81330.687169
-12.0,2828,81339.007599
0.2,3408,81348.643684
-18.2,4188,81392.182564
-34.4,4541,81403.828531
-2.2,3081,81411.684567
2.4,3467,81420.711036
-30.8,5108,81466.481248
-8.7,2997,81473.997033
-8.1,3871,81484.01327
-3.4,3895,81523.897766
-35.4,4383,81535.314169
-5.9,2721,81542.20558
-0.4,3598,81551.325572
-34.9,5492,81597.856221
-34.4,4029,81608.177963
-31.4,4552,81619.875928
-30.9,6844,81667.45113
-35.4,3979,81677.652524
-12.0,3321,81686.093707
-20.9,3274,81727.166364
-6.8,3123,81735.182688
2.7,3198,81743.1603
-1.9,3301,81751.375871
-5.9,4427,81798.179659
-27.9,5586,81814.073363
-9.7,2918,81822.569778
2.1,2952,81864.397929
-19.4,4466,81877.859307
-27.9,4597,81889.957088
-31.4,4550,81934.489273
-10.5,3730,81945.166313
-0.7,3010,81953.922297
3.6,3155,81962.631518
-27.4,5326,82008.752177
-17.8,3750,82018.560791
-10.2,2626,82025.538254
-32.4,6107,82071.59669
-30.4,4535,82083.347848
-32.9,4606,82095.789385
-5.2,4167,82140.04485
-29.6,4434,82151.481842
-34.4,4541,82163.382035
-28.4,4564,82206.106997
-31.4,4532,82218.861145
-30.4,4652,82232.408485
-27.0,5024,82288.457844
-22.1,4779,82308.813527
-33.4,4514,82329.745062
-9.8,2621,82342.440967
-26.5,4843,82400.244782
-32.4,4269,82421.581287
-28.9,5914,82497.55087
-27.2,4885,82523.161263
-28.4,5559,82552.899828
-29.4,4840,82623.24825
-29.9,4241,82646.270241
-15.5,3817,82666.249221
-10.2,2689,82679.387862
-21.6,4015,82724.137694
-14.9,3298,82733.467028
-31.4,4581,82745.929657
-29.9,5495,82792.200791
-32.4,4533,82804.037008
-30.9,5107,82817.303602
-8.2,3270,82857.299901
-26.4,5998,82872.623046
-30.4,4560,82884.514419
-29.4,5458,82929.701925
-29.9,4534,82941.900531
-31.9,4742,82985.597819
-5.8,3304,82994.187544
-29.4,4927,83007.006601
-30.3,3860,83017.187056
-30.9,5363,83060.515485
-5.9,2688,83067.126531
-27.9,4990,83079.860958
-27.9,4960,83122.621876
-29.4,4948,83135.682918
-30.9,5240,83179.839289
-29.4,5673,83194.984087
-33.4,3965,83205.09392
-2.0,3217,83213.824364
-28.4,5293,83259.225761
-29.9,4627,83271.137362
-27.9,4877,83314.260748
-32.9,5866,83330.549911
-2.3,3526,83340.157826
-28.9,6017,83386.794075
-11.1,3010,83394.513854
-28.4,5346,83408.059476
-30.4,5321,83451.947067
-25.9,4329,83462.989467
-6.5,3484,83472.021698
-33.9,4928,83515.476262
-15.5,3891,83525.72237
-29.4,5258,83539.613421
-30.4,4541,83581.887108
-31.4,4562,83593.605556
-3.9,4398,83604.975171
-30.4,4607,83647.743067
-30.9,4526,83659.948397
-31.4,5292,83673.895776
-29.9,5910,83719.879586
-28.4,5242,83734.065215
-31.4,4562,83745.998829
-8.0,3026,83783.792099
-30.9,4917,83796.202393
-12.2,3376,83805.004858
-28.4,5951,83851.834233
-29.9,5012,83865.25104
-29.9,5654,83911.223724
-10.3,3125,83919.691895
-31.3,4605,83931.901844
-29.9,4990,83945.468214
-29.4,5973,83992.398161
-35.4,4587,84004.058228
-14.3,3187,84012.12083
-31.4,4368,84054.770117
5.0,8826,84078.372658
-33.4,4211,84119.03119
-32.4,4256,84130.437216
-12.3,3536,84139.676528
-32.4,5417,84184.252046
-30.4,4997,84198.89783
-32.4,3745,84211.389061
-18.0,4592,84254.362455
-30.9,5617,84272.526317
-28.4,5415,84286.556572
-31.4,4563,84328.940721
-8.5,2833,84336.359161
-13.2,3597,84345.730423
-31.9,4348,84386.317187
-32.4,5736,84401.448651
-31.4,4546,84413.41877
-31.8,4862,84457.384872
-33.4,5173,84472.393387
-30.9,5060,84488.285475
-29.9,4282,84534.42355
-31.9,5486,84550.259237
-29.9,4603,84594.766481
-32.4,4236,84608.155648
-29.9,4950,84622.892955
-29.9,4904,84668.350163
-31.4,4257,84679.216547
-10.9,4011,84689.633107
-6.7,3733,84699.168797
-29.4,4918,84742.011116
-32.4,3829,84752.055979
-30.4,5872,84767.198397
-30.4,5365,84811.14162
-27.4,5447,84824.943866
-32.4,5125,84868.553781
-33.4,4684,84880.543775
-5.1,3106,84888.88781
-29.9,4970,84932.425678
-34.4,4167,84945.564002
-33.8,5070,84960.591582
-33.4,4432,85003.823564
-31.4,4569,85016.150557
-29.9,5608,85031.059482
-27.4,5175,85077.515897
-34.4,4537,85089.538208
-34.4,4184,85100.293364
-7.4,2991,85138.646776
-24.7,3217,85147.023754
-34.4,4076,85157.428321
-34.8,3929,85167.25957
-14.0,4128,85209.149674
-34.4,3817,85219.074914
-28.4,5713,85233.834851
-34.4,4498,85275.121059
-32.4,5619,85289.411073
-30.4,5153,85332.993954
-34.4,4181,85344.576913
-15.0,6729,85362.313099
-11.1,3224,85400.46681
-34.4,4110,85410.92405
-34.9,4551,85422.743058
-15.0,3981,85432.884262
-34.4,4436,85477.831616
-28.4,6121,85498.328288
-35.4,4588,85543.654019
-31.4,3935,85553.998871
-29.3,4569,85566.136612
-34.4,4463,85608.228675
-34.4,4094,85619.104916
-28.4,6090,85635.033507
-20.3,4342,85676.875052
-30.9,4543,85688.682827
-32.4,3739,85698.353171
-31.4,4393,85741.971859
-29.9,4564,85756.380671
-30.8,4163,85768.482491
-14.8,3645,85778.907732
-34.9,5403,85828.254944
-31.4,5836,85845.201392
